product_name,price,ratings_count,seller,review_rating,written_review,reviewer,bought_date,review_time,is_purchased,review_images_count,product_url
"TWS Air pro Black Air pod_ with Super Sound & High Quality Touch Sensors True Stereo Headphones with Built in Mic 10m Transmission Bluetooth Wireless Earbuds , power Case Sport Headset for all Bluetooth Smart devices | Best for calling High quality Mic",789.0,11.0,Cano collection,5,omg the quality is very amazing I am very happy to receive the parcel because the earbuds are very amazing I suggest you to order this earbuds Sound Quality:excellent Battery Life:good Comfort:💯,D***r,2026-08-12,2 weeks ago,True,1,https://www.daraz.pk/products/_-10-i1965762603.html
Wireless Earbuds Headphones Bluetooth Earpods Sports Stereo Airbuds Noise Canceling Headphone Microphone Speaker with LED light headphones,323.0,187.0,AS SHOP 1581614841,5,𝐁𝐞𝐭𝐭𝐞𝐫 𝐐𝐮𝐚𝐥𝐢𝐭𝐲 Sound Quality:100% Battery Life:4-5 𝐠𝐚𝐧𝐭𝐚 𝐚𝐫𝐚𝐦 𝐬𝐚 𝐜𝐡𝐚𝐥 𝐣𝐚𝐭𝐢 Comfort:100℅,0***0,2026-08-10,3 weeks ago,True,1,https://www.daraz.pk/products/-i1964603364.html
"Airbuds, Earbuds, Wireless Earbuds, Bluetooth Earbuds, TWS Earbuds, Airbuds Bluetooth Earphones, Wireless Earphones, Touch Control, HD Sound, Deep Bass, ENC Noise Cancellation, Gaming Earbuds, LED Display, Long Battery",324.0,16.0,AS SHOP 1581614841,5,boht buri service hai Jo cheez dikhao us se 1000 darjy ghatiya cheez di hai picture ma dekhoo bachoon ka khilona diya hai airpods k name par sharmindagi hai,Naveed,2026-08-29,2 days ago,True,1,https://www.daraz.pk/products/tws-hd-enc-led-i1965689421.html
Original M10 & M90 TWS AIRPODS Wireless Earphones Touch Control 5.1 with power bank charger Headset Waterproof 9D Hifi Quality Earbuds 2000mAh Stereo Sports Headphones With Microphone,719.0,85.0,(Hania Collection Lahore),5,Totally Satisfied with the Quality of i12product in this price range. Good Sound quality. Good battery time. Honest Seller. Recommended. Thanks!..daraaz I am happy 😁😊😁😁😁😁😁😁😁😁😁😁 good product 💯❤️❤️❤️ inshallah ❤️ following daraz ❤️😍😍😍❤️❤️❤️❤️❤️❤️❤️❤️.................................................................The Product Was Really Good And Fantastic Music Was Too goood And finishing of this product is Extreme Touch Sensors Are Fully Worked Built Quality was Amazing Trusted Store 💯..,doopersuper534,2023-12-09,25 Dec 2023,True,6,https://www.daraz.pk/products/original-m10-m90-tws-airpods-wireless-earphones-touch-control-51-with-power-bank-charger-headset-waterproof-9d-hifi-quality-earbuds-2000mah-stereo-sports-headphones-with-microphone-i433557338.html
New Air Pro True Wireless Airbuds Bluetooth Earphones Headphones HiFi Sound Latency ANC Noise Reduction Earbuds For All Smart Phones,849.0,20.0,as online mart,5,Comfort: comfortable bi bhot hai easy se ear me fit ho jati Sound Quality: sound boht hi heavy hai is price range me Mashallah se ok cheez hai me 💯 recommend kroga ap yeh ankhe band krke purchase krlo 💯 trusted sellar 2 din me mujh yeh received hogaya tha fast service hai Mashallah,a***a,2026-08-07,3 weeks ago,True,4,https://www.daraz.pk/products/-i1967525584.html
"Airbuds, Earbuds, Wireless Earbuds, Bluetooth Earbuds, TWS Earbuds, Airbuds Bluetooth Earphones, Wireless Earphones, Touch Control, HD Sound, Deep Bass, ENC Noise Cancellation, Gaming Earbuds, LED Display, Long Battery",799.0,56.0,Zimal Collection (Lahore),5,Good quality airbuds sound quality is good battery timing is 3 hours in continue use i demand full white with no logo seller send as it is what i demand so I am satisfied seller is responsive deliverd on time trusted seller Recommended.,Ali Shah,2026-08-01,03 Aug 2026,True,3,https://www.daraz.pk/products/tws-hd-enc-led-i1965695592.html
Air 31 Air pod dual 5.2 Earbuds handfree bluetooth Wireless Earbuds Headphones I 7 Mini Bluetooth Headset Earbud single Wireless Earphone With Mic Stereo For all phones,699.0,6150.0,Hania Collection (Lahore),5,km price me bohot acha product he I like it 😍,Dua G.,2024-06-27,03 Jul 2024,True,2,https://www.daraz.pk/products/31-52-7-i280841902.html
"Airbuds TWS Bluetooth Earbuds Waterproof Deep Bass Music Earphones TWS, Airbuds, ENC, Noise Cancellation, HD Stereo Sound, Touch Control, Charging Case,",748.0,72.0,AMEER SONS.PK,5,very very Good products 😊👍 sound Base v.v Good this price,Z***n,2026-08-04,4 weeks ago,True,2,https://www.daraz.pk/products/-i1963315235.html
"Air buds/ Bluetooth Earphones Headphones Outdoor Sports Earbuds Air-Pod Pro 2nd Generation - Wireless Earbuds, Air Pro ANC cancelltaion",899.0,28.0,Hania Collection (Lahore),5,Sound Quality:achi h Kafi Battery Life:3 hours h backup bhot ziada nh h guzara h bs Comfort:comfortable h smooth h data cable nh h delivery Kafi fast thi sab Kuch acha h bs bettery timing 5 hours tou hone chahiye thy but phr b is price m bahtreen h,mumtaz1,2026-08-13,2 weeks ago,True,3,https://www.daraz.pk/products/2nd-i1948689808.html
Stereo M04 Air pod Wireless Bluetooth Earphones - Stereo Sound with English Voice Prompt and Low Power Consumption,249.0,3414.0,(Hania Collection Lahore),5,Satisfactory quality in the price. Sound quality is a bit shaky. Appearance is good. Easy to use.,A***.,2025-03-05,15 Mar 2025,True,2,https://www.daraz.pk/products/04-i268756696.html
"Stereo TWS Wireless AirPods | Bluetooth 5.3 Earbuds with Deep Bass, Touch Control & HD Mic",649.0,25.0,D.tech.,5,Sound Quality:good Comfort:good Battery Life:thik. ha is ka Sath is ki charging cable nahi Mili,bassampasha30,2026-08-26,3 days ago,True,1,https://www.daraz.pk/products/tws-53-hd-i948666237.html
Wireless Earbuds Headphones Bluetooth Earpods Sports Stereo Airbuds Noise Canceling Headphone Microphone Speaker with LED light headphones,326.0,60.0,Zimal Collection (Lahore),5,SOUND BHOT ACHI HA QUALITY BHI FANTASTIC HA BHOT ACHI AIRBUDS HAIN 1st NUMBER HA.BHOT BHOT ACHI HAIN🤩🤩😍😘,d***z,2026-08-05,4 weeks ago,True,3,https://www.daraz.pk/products/led-i1964559878.html
"M10 & M90 TWS Airpods _ with Super Sound & High Quality Touch Sensors True Stereo Headphones with Built in Mic 10m Transmission Bluetooth Wireless Earbuds , Sport Headset for all Bluetooth Smart devices.",749.0,2.0,Tech Nest 2.O,5,zbrdust 🫶,Talha jani,2026-08-22,6 days ago,True,0,https://www.daraz.pk/products/m10-m90-tws-airpods-_-with-super-sound-high-quality-touch-sensors-true-stereo-headphones-with-built-in-mic-10m-transmission-bluetooth-wireless-earbuds-sport-headset-for-all-bluetooth-smart-devices-i946878134.html
"M10 & M19 & Air pod Pro & Air31 TWS Air pod_ with Super Sound & High Quality Touch Sensors True Stereo Headphones with Built in Mic 10m Transmission Bluetooth Wireless Earbuds , Charging Case Sport Headset for all Bluetooth Smart devices.",699.0,552.0,BiG SHOP (Lahore),5,Battery Life:7/10 Sound Quality:8.5/10 Comfort:8/10 batter timing itni achi nh hai 2-3 ghante ache se guzar jate hai. price range theek hai us hisab se earbud ki quality b achi he hai.,S***r,2026-07-25,4 weeks ago,True,1,https://www.daraz.pk/products/m10-m19-air-pod-pro-air31-tws-air-pod_-10m-i216202816.html
Air 31 Earbud dual Earbuds handfree Bluetooth Wireless Earbuds Transparent crystal frame Bluetooth headset Digital Display powerbank for earbuds charging,579.0,1907.0,Smart life Accessories,5,a beautiful one. charging cable not charging it. used my own data cable. battery also droped rapidly when started using it.,Syed M.,2024-08-04,08 Aug 2024,True,1,https://www.daraz.pk/products/31-i435277150.html
EARBUDS Air buds Air 31 Wireless Bluetooth-Compatible Headset Wireless Earphone Invisible Sports Fitness Earbuds In-ear Headphone Hot Sale Ear buds,569.0,1232.0,ZUMER,5,Sound Quality:10/9 best hay Battery Life:box ki battery life ache Nahi hay buhat jaldi jaldi khatam ho Rahe hay bake Burt's ki ABI check Nahi ki Comfort:10/9,futurey771,2025-05-20,22 May 2025,True,1,https://www.daraz.pk/products/31-i427914413.html
"Air proo & Air 31 TWS Airpoods with Super Sound & High Quality Touch Sensors True Stereo Headphones with Built in Mic 10m Transmission Bluetooth Wireless Earbuds , power Case Sport Headset for all Bluetooth Smart devices.",749.0,18.0,Best Collection Mall,5,Quality b ache ni ha or mny white colour order keya tha or black aye ha. Mere trf se bkwas he order mt kro,m.shais,2026-08-12,2 weeks ago,True,1,https://www.daraz.pk/products/31-10-i1964786166.html
"Air 31 Airpods_ with Super Sound & High Quality Touch Sensors True Stereo Headphones with Built in Mic 10m Transmission Bluetooth Wireless Earbuds , Charging Case Sport Headset for all Bluetooth Smart devices",721.0,459.0,Haram Collection Lahore,5,this product is very good,Shan Khan,2026-08-14,2 weeks ago,True,1,https://www.daraz.pk/products/31-10-i471282354.html
"Orignal M19 & M10 & Air31TWS Air pod with Super Sound & High Quality Touch Sensors True Stereo Headphones with Built in Mic 10m Transmission Bluetooth Wireless Earbuds , Charging Case Sport Headset for all Bluetooth Smart devices.",599.0,4.0,KIN,5,"Received Faulty a d used product which is not even starts, delivery is also very late. Not Recommended shame on you supplier.",3***8,2026-08-24,2 days ago,True,2,https://www.daraz.pk/products/orignal-m19-m10-air31tws-air-pod-with-super-sound-high-quality-touch-sensors-true-stereo-headphones-with-built-in-mic-10m-transmission-bluetooth-wireless-earbuds-charging-case-sport-headset-for-all-bluetooth-smart-devices-i1963710158.html
Air31 Earbuds Wireless Crystal Transparent Bluetooth 5.3 Air 31 Ear buds Wireless Headset Transparent Charging Case Heavy Bass Stereo Earphones Noise Reduction Sports Headset with Microphone Waterproof Headphone LED Digital Display airpods_ by Sellify 365,748.0,365.0,(BiG MART),3,"I ordered white color, but i arrived green color. Why you don't arrived the color that people order? But the delivery was fast. so its no problem . thank you daraz.",sajjad,2024-07-19,22 Jul 2024,True,3,https://www.daraz.pk/products/31-53-31-led-365-i331918523.html
"Air 31 TWS Transparent Earbuds Bluetooth 5.3V Mic with ANC & ENC Wireless Earbuds, Gaming mode Low Latency TWS Earbud With Upto 50 Hours Playtime, IPX5 Water Proof Wireless Earphones With Voice Assistance Bluetooth Ear buds And Headphones Airpo d",699.0,2.0,Murshad 21,5,"yeh AirPods order kiye aur mera experience bohot zabardast raha. Agar aap best wireless earbuds dhoondh rahe hain, toh inka koi muqabla nahi. Sab se pehlay sound quality ki baat karoon toh iska bass aur audio clarity mind-blowing hai",s***b,2026-08-17,2 weeks ago,True,4,https://www.daraz.pk/products/31-53-50-5-i1967717288.html
"TWS Airpods_ with Super Sound & High Quality Touch Sensors True Stereo Headphones with Built in Mic 10m Transmission Bluetooth Wireless Earbuds , Chargng Case Sport Headset for all Bluetooth Smart devices",749.0,10.0,D.tech.,5,Sound Quality:Perfect Battery Life:Runs over 2 hours and charges very fast Comfort:Easy to use,Shahzad,2026-07-07,2 weeks ago,True,1,https://www.daraz.pk/products/tws-10-i943596805.html
M10 TWS Wireless Airpods Earbuds Bluetooth 5.3 TWS 3500mAh Power Bank Charging Box in Ear Earphones True Stereo Gaming Sports HiFi Headphones Headsets Microphone Airdots Premium Deep Bass Sound Clear Cal,729.0,27.0,AS SHOP 1581614841,5,Best ha me chala rha ho,3***3,2026-08-03,1 week ago,True,2,https://www.daraz.pk/products/tws-m10-53-tws-hifi-i761408443.html
Wireless Earbuds Headphones Bluetooth Earpods Sports Stereo Airbuds Noise Canceling Headphone Microphone Speaker with LED light headphones,326.0,8.0,Hania Collection (Lahore),5,Good quality airbuds sound quality is good battery timing is 3 hours in continue use i demand full white with no logo seller send as it is what i demand so I am satisfied seller is responsive deliverd on time trusted seller Recommended.,d***z,2026-08-06,4 weeks ago,True,3,https://www.daraz.pk/products/-i1964595818.html
Air 31 - Air31 Earbuds Wireless Earbuds - Air 31 Earbuds - Transparent Air 31 - Transparent Earbuds Air 31 TWS Earbuds - Airbuds - Earpods - Ear Buds Wireless - Bluetooth Earphones - Air buds,599.0,5.0,KIN,5,Battery Life:zabardast 100 percent Sound Quality:Zabardast 100 percent Comfort:100 percent mee aise hi review nahi deti me check Karke cheez ka review deti hoon bohot achi cheez he me sab ko recommend karoon gee ke ye airpods sab loo thanks Daraz seller and all daraz team shukria ♥️♥️.,Sadia khan,2026-07-27,28 Jul 2026,True,4,https://www.daraz.pk/products/31-31-31-31-31-i1965236562.html
Original Pro Air pod TWS Double Wireless tws Bluetooth Hand Free with Power Bank Stereo Earphones White bluetooth ear phone for all cell phones use-Color Headphones & Headsets Wireless Earbuds Family: Black,701.0,298.0,as online mart,4,Comfort:good Sound Quality:one side is low sound but the other side is good Noise Isolation:excellent 👍 meray kehnay Kay baad bhi packing bekar thi box damaged tha lekin delivery fast thi is wajha SE over all good lekin box Ka meinay Kaha bhi Tha bcz mein khud e-commerce Karta huu or mujhey pata hai Kay packaging Achi Hona hi sab SE Bari baat Hoti Hai,3***8,2024-11-11,15 Nov 2024,True,4,https://www.daraz.pk/products/-i478489771.html
EARBUDS AIR 31 AIRPODS WIRELESS EARBUDS WITH CRYSTAL TRANSPARENT CASE WITH TYPE C CHARGING|EARBUDS BLUETOOTH 5.3 | NEW MODEL AIR 31,660.0,31.0,Myclubcart,5,Sound Quality:achi hai Battery Life:weak he Comfort:yes delivery on time,꧁༺Z҈.K༻꧂,2025-05-12,16 May 2025,True,2,https://www.daraz.pk/products/31-c-53-31-i451052408.html
Air31 TWS Wireless Earbuds Bluetooth 5.3 | HD Stereo Sound & Deep Bass | Touch Control | Noise Cancelling Mic | Charging Case | Long Battery Life | Android & iOS Compatible,650.0,39.0,FOUR DEE STORE,5,inthai bakwas Jo profile py tha woh baija hi nai aur Jo mainy order kia tha woh bhi nai baija inthai ghatia quality. aur account py bhi fake reviews dalay hoa hain . yeh baijy hain Jo order hi nai kia thy,ahmad,2026-07-07,15 Jul 2026,True,1,https://www.daraz.pk/products/31-tws-1-hd-ios-i1954006166.html
Air 31 Airpods - Air31 Earbuds Wireless Earbuds - Air 31 Earbuds - Transparent Airpods Air 31 - Transparent Earbuds Air 31 TWS Earbuds - Airbuds - Earpods - Ear Buds Wireless - Bluetooth Earphones - Air buds,749.0,117.0,DigiNex,5,Sound Quality:really nice Battery Life:drains pretty fast but not really that fast Comfort:niceee uses a type c charging port,mikur33h,2026-06-27,30 Jun 2026,True,1,https://www.daraz.pk/products/31-31-31-31-31-i917806762.html
Air 31 Pods Wireless Bluetooth Earbuds Headset pods handfree earbuds airdots Hanging Ear Color Family Headphones & Headsets Wireless Earbuds,714.0,359.0,Zimal Collection (Lahore),5,BOHAT HI BAKAR AIRBUDS HA OR DELIVERY BHI TIME SA NAHI MILI AIRBUDS CHARGING NAHI HO RAHA CHARGING CABLE BHI MISSING HA,M.AZIM,2026-08-16,1 week ago,True,1,https://www.daraz.pk/products/31-i561932911.html
Original M10 TWS Wireless bluetooth Pods airdots Earphones Touch Control 5.3 with power bank charger Headset Waterproof Hifi Quality Earbuds 3500mAh Stereo Sports Headphones With Microphone,799.0,126.0,Zimal Collection (Lahore),5,Asslamualekum bhot excellent quality ka air buds or dil kush hogya itni kum price ma behtareen mil gaya😊👍,zahid,2024-03-15,18 Mar 2024,True,2,https://www.daraz.pk/products/m10-tws-53-hifi-3500mah-i434625318.html
Air 31 Airpods - Air31 Earbuds Wireless Earbuds - Air 31 Earbuds - Transparent Airpods Air 31 - Transparent Earbuds Air 31 TWS Earbuds - Airbuds - Earpods - Ear Buds Wireless - Air Buds - Bluetooth Earphones,849.0,247.0,SBT Trader,5,Sound Quality:very good Battery Life:50 50 hai bs not much long lasting Comfort:satisfied with this,3***7,2025-07-14,17 Jul 2025,True,1,https://www.daraz.pk/products/31-31-31-31-31-i730410986.html
"M10 & M90 TWS Airpod _ with Super Sound & High Quality Touch Sensors True Stereo Headphones with Built in Mic 10m Transmission Bluetooth Wireless Earbuds , Charging Case Sport Headset for all Bluetooth Smart devices.",841.0,1.0,City Mall..,1,Comfort:full bad Battery Life:badest Sound Quality:poor jo cheez mangwai wo nahi bhajta koi na kharida M19 mangwaya but m10 bhaj dia jab ka dono alag hn and Bluetooth full rough condition mai ha like 6-7 month used ho box pack nahi ha open box phata hua daba ha charging port bhi ak noker mai phasa hua tha is ka ilawa scratches hi scratches koi bhi na la bekar ha my honest review: koi na lai bohat gha tiya hn,a***7,2026-07-12,16 Jul 2026,True,4,https://www.daraz.pk/products/m10-m90-tws-airpod-_-with-super-sound-high-quality-touch-sensors-true-stereo-headphones-with-built-in-mic-10m-transmission-bluetooth-wireless-earbuds-charging-case-sport-headset-for-all-bluetooth-smart-devices-i1958442300.html
Airbuds Air 31 Wireless Bluetooth Earpods / Crystal Transparent Case Headset With Mic For All Models / Stereo Sound Earbuds For Music & Gaming,649.0,244.0,HR ASSOCIATION,5,Battery Life: not good you can see on video Sound Quality: good Comfort: theek ha bas Thankyou itny kam price ma earphones case and lanyard bohat achy deal ha,Abyaan H.,2024-11-10,14 Nov 2024,True,3,https://www.daraz.pk/products/31-i513009541.html
"M10 Air Buds - Premium Wireless Earbuds, Air Pro, Air Buds, Earpods with Stereo Sound, IPX5 Waterproof, and Ergonomic Design",719.0,19.0,Zimal Collection (Lahore),5,"Sound Quality:Very Good 👍😊 Battery Life:Nice 🙂 Comfort:Very Good 👍😊 Very Nice Packing , In Bluetooth Also a Amazing l Light & USB port Mini Charging Bank. ❤️ Sound Quality:✨ Battery Life:👍🏻 Comfort:🔥 Highly Recommend ✅ Thanks To Daraz & Seller.",e***a,2026-07-30,4 weeks ago,True,3,https://www.daraz.pk/products/m10-ipx5-i1950447661.html
Air buds Transparent Air39 Bluetooth Round Drawer TWS Fully WATER prof Earphones Wireless Earbuds ENC Noise Reduction Headsets LED Display Sport Headphones Round Drawer Type Charging Case Best Wireless Airbuds Environmental Touch Control Earbu,849.0,36.0,Own Mall,5,black order kiye thy white aye hai or black colour ke extra paisy Liye gye thy Lekin black nhi diye,Emaan Farhan,2026-06-01,04 Jun 2026,True,2,https://www.daraz.pk/products/39-i948098412.html
"""N35 TWS Gaming Earbuds – 9D Stereo Bass Bluetooth 5.2 Wireless Earphones with Mic airpods Style Handsfree Headset for PUBG, Mobile Gaming & All Smartphones"" ""N35 Gaming Earbuds – Wireless TWS Bluetooth 5.2 Earphones with Mic, 9D Stereo Bass, Low Latency",1669.0,36.0,MobilMart,5,Yeh product dekh kar lagta hai high-end brand ka hai 🔥 use karte hi feel aa gaya 😌 recommended for everyone ✅,G***r,2025-05-01,10 May 2025,True,1,https://www.daraz.pk/products/tws-n35-9d-52-pubg-n35-tws-5-9d-i776180267.html
EARBUDS AIR 31 Wireless Earbuds with Crystal Transparent Case & Type C Charging Bluetooth 5.3 New Model,927.0,25.0,Nova Tech House,5,sound quality zabardast hai battery abhi use Nahin Kiya itna k battery test hosaky Thanks Daraz Seller and Team,A***n,2026-05-09,16 May 2026,True,6,https://www.daraz.pk/products/31-53-i1951482256.html
"Air 31 AirPro AirPods TWS Best Wireless Earbuds with Microphone & Type-C Charging Bluetooth 5.3 with Noise-Cancelling & Crystal Case Sport-Friendly, Waterproof & Affordable",699.0,25.0,(Jasmin Collection Lahore),5,"⭐ 1 Star Review I ordered Nokal AirPods from Daraz, but the product I received is fake and defective. ❌ The AirPods are not original ❌ The charging does not work at all, even after trying multiple chargers ❌ Sound quality is very poor ❌ Overall build quality is cheap This product is not usable. I am very disappointed and feel that my money has been wasted. I request Daraz to arrange a refund or replacement as soon as possible and take action against this seller. I do not recommend this product to anyone.",aryanalimangi731,2026-02-25,03 Mar 2026,True,2,https://www.daraz.pk/products/air-31-airpro-airpods-tws-best-wireless-earbuds-with-microphone-type-c-charging-bluetooth-53-with-noise-cancelling-crystal-case-sport-friendly-waterproof-affordable-i752202112.html
"Air 31 Air Pod Wireless Bluetooth Earbuds High-Quality Stereo Sound, Touch Sensors, Built-in Mic, White",719.0,33.0,(Hania Collection Lahore),5,"Asalaam o Alaikum, Ye mujhy aj recieve hoye hn, jb Connect kiye bluetooth se to combine connect ni hoty, kabi Left side se awaz ati ha kabi right side se awaz ati ha, akhthy awaz nai ati dono ma sy, aik time py aik hi kam krta ha. Product damage b hai",Naeem Gul,2025-11-03,06 Nov 2025,True,1,https://www.daraz.pk/products/31-i473618661.html
Pro 2 Airbuds,1149.0,1.0,Saim Mobiles,5,Sound Quality:Great,0***1,2026-08-13,1 week ago,True,0,https://www.daraz.pk/products/2-i1967906127.html
N35 Earbuds TWS Wireless Bluetooth Earphones|N35 Gaming Earbuds Headset Air buds 9D Bluetooth 5.2 Stereo Bass Headphones Airpods Handsfree With Mic For PUBG Gaming For All Phones,1577.0,123.0,Hillstripe.Online,5,zabardast quality hai earbuds ki . sound bhi bohat acha hai bass bhi theekh hai . must buy from this store,H***a,2024-02-27,05 Mar 2024,True,6,https://www.daraz.pk/products/n35-tws-9d-52-i439115573.html
M10 Air buds Wireless Bluetooth EarBuds Stereo Earphones with Power bank Bluetooth Premium Quality Airpods Ear phone Ear Buds Airdots For All Smart Phones,999.0,1.0,PK Store,1,Battery Life:Lift Side totly dead condition,R***f,2026-08-08,2 weeks ago,True,1,https://www.daraz.pk/products/m10-i936413490.html
Zoro ZT Carbon ZBuds Earbuds Airbuds Airpords High Quality Quad Mic ENC 100 Hours Total Playtime 45ms Ultra-Low Latency Gaming Mode High-Definition Audio Effects Secure & Comfortable Fit,2411.0,7.0,Items ki Dukan.,5,Sound Quality:base kafi achi h Battery Life:battery to akhiiir level h 3 3 din charge ni krta m Comfort:munasib price m bohot achy waly hn highly recommended ❤️,3***5,2026-08-25,3 days ago,True,3,https://www.daraz.pk/products/zoro-zt-zbuds-earbuds-airbuds-airpords-enc-100-45ms-i1960071015.html
Air 31 TWS Wireless Earbuds,629.0,46.0,Myclubcart,5,mjhy pacel rcv tu ho gya but dono buds ik sth pair nh hoty ik tym m 1 ki awaz ati h bht bara dhoka kiya h daraz n,Ali Naqi,2026-07-16,23 Jul 2026,True,1,https://www.daraz.pk/products/31-tws-i439848632.html
"M10 Wireless Earbuds TWS Airpods_with Super Sound & High Quality Touch Sensors True Stereo Headphones with Built in Mic 10m Transmission Bluetooth Wireless Earbuds , Charging Case Sport Headset for all Bluetooth Smart devices.",999.0,3.0,Salaar Mart,5,MashaaAllah very good seller i have no words to express my feelings so happy to have my first order on daraz the seller is very honest and cooperative he really cooperate on every matter i want quick delivery and he manage to make the delivery very fast i want this product on cousin engagment and i got that on the day before Hurrah! very weldone daraz thank u so much this best platform for us,shahzadagulfam460,2024-03-30,05 Apr 2024,True,2,https://www.daraz.pk/products/m10-tws-10-i470914534.html
Original M10 Mini Airpods Double Wireless Bluetooth airdots Hand Free with Power Bank Stereo Earphones earbuds - black bluetooth ear phone ( 2 Bluetooth Ear Phone,729.0,17.0,A.S Shop,5,Sound Quality:good Battery Life:goog Comfort:goood,saifullah1234567890101020,2026-07-18,20 Jul 2026,True,1,https://www.daraz.pk/products/original-m10-mini-airpods-double-wireless-bluetooth-airdots-hand-free-with-power-bank-stereo-earphones-earbuds-black-bluetooth-ear-phone-2-bluetooth-ear-phone-i434650236.html
Airdops 191 Wireless Earbuds | 60 Hours Playtime | Dual Battery TWS Bluetooth Earphones,1950.0,24.0,electronia store,5,"Calling ke liye ye earbuds bohat zabardast hain, meri awaaz dusri side bilkul clear jati hai. Office aur daily use dono ke liye perfect hain.",Hamiz,2026-07-22,02 Aug 2026,True,2,https://www.daraz.pk/products/191-60-i1964816213.html
"TWS Black with Super Sound & High Quality Touch Sensors True Stereo Headphones with Built in Mic 10m Transmission Bluetooth Wireless Earbuds , power Case Sport Headset for all Bluetooth Smart devices.",799.0,3.0,Best Collection Mall,5,Very too good quality Microphone Quality:everything is best Comfort: I suggested to u buy these earbuds,haaara212,2026-07-19,21 Jul 2026,True,6,https://www.daraz.pk/products/tws-10m-i1959720747.html
Airpods 2nd Bluetooth Earphone TWS Wireless Headphones Sport Airpods_Gaming Headset Bass Handsfree Wireless Earbuds For iPhone Android - White / Black,999.0,4.0,Salaar Mart,5,dhoka ha sb istemal kya hua ha or totay huay niklay hai air buds ka sound bi sahi nahi ha or charging to intehai Kam ha or pair alag hain,junaid,2024-08-07,10 Aug 2024,True,3,https://www.daraz.pk/products/air-buds-mini-air-pro-4-bluetooth-earphone-tws-wireless-headphones-sport-airpods_gaming-headset-bass-handsfree-wireless-earbuds-for-iphone-android-white-black-i471792488.html
EARBUDS AIR 31 AIRPODS WIRELESS EARBUDS WITH CRYSTAL TRANSPARENT CASE WITH TYPE C CHARGING|EARBUDS BLUETOOTH 5.3 | NEW MODEL AIR 31,813.0,31.0,Gadget & More 1.0,4,Very nice airpods.Jesi pictures hain wese hi aye hain bs battery life kam hai pods ki mere khayal mein 🙂.Overall fully satisfied,O***.,2024-08-12,18 Aug 2024,True,1,https://www.daraz.pk/products/31-c-53-31-i435794153.html
AirPod Style TWS Earbuds Bluetooth 5.3 Wireless Air Buds with ENC Noise Cancellation Deep Bass Touch Control Fast Charging Earbuds for Android & Bluetooth Devices,999.0,12.0,my virtual Mall,5,Sound Quality:low ha Battery Life:average Comfort: 35% guzara ha bus behtereen ni ha Mera mashwara ye ha k ap 100 200 Mila k acha mangwa lyn,ms8901290g,2026-05-30,02 Jun 2026,True,2,https://www.daraz.pk/products/53-i1957571756.html
M10 Air buds Wireless Bluetooth EarBuds Stereo Earphones with Power bank Bluetooth Ear phone Ear Buds Airdots Premium Quality For All Smart Phones,781.0,576.0,AMEER SONS.PK,5,bhi ya M10 Oder kaya tha ik side chal rahi h or ik side work nahi kar rahi bat ki h tu khata h 1 week laga gha return pasa karna ma ab Banda kara tu kaya KARA yar achi cheez Baja kro ap logo sa pasa lata h wasa thori baj ta h khud k nam h achi cheez Baja kara,Sagar,2025-05-19,21 May 2025,True,1,https://www.daraz.pk/products/m10-i456888604.html
"Original AirPods Pro 2nd Generation & Airpro 6 & TWS i12 & AIrpods i16 - Super Sound & High-Quality Touch Sensors, True Stereo Headphones with Built-in Mic, Bluetooth Wireless Earbuds, Sport Headset (White)",2500.0,1.0,Salaar Mart,5,"The i16 AirPods deliver impressive performance for their price, making them a standout choice for budget-conscious consumers. With a stylish, compact design, they offer comfortable wear and solid sound quality, ensuring an enjoyable listening experience for music, podcasts, and calls. The quick and easy pairing process enhances convenience, while the touch controls allow for seamless navigation. Battery life is commendable, providing hours of use on a single charge. Though they may lack premium features like noise cancellation, the i16 AirPods offer excellent value, making them a great option for anyone seeking reliable wireless earbuds.",n***n,2024-09-20,24 Sep 2024,True,4,https://www.daraz.pk/products/2nd-i538305065.html
"M10 Wireless Earbuds TWS Airpods_with Super Sound & High-Quality Touch Sensors True Stereo Headphones with Built-in Mic 10m Transmission Bluetooth Wireless Earbuds, Charging Case Sport Headset for all Bluetooth Smart devices.",799.0,2.0,Salaar Mart,5,"Product is so cool, and the quality of sound is just too nice",Syed T.,2024-04-24,07 May 2024,True,4,https://www.daraz.pk/products/m10-tws-m10-i471796240.html
"M28 Earbuds,M28 Earbuds 3500Mah Original,M28 TWS Gaming Wireless Earbuds Airpods Type-c LED Display Stereo Low Latency Heavy Bass HIFI Music Bluetooth Earphone Smart Touch Control Waterproof Sport Headset with Mic",1599.0,113.0,MobilMart,5,Product ki quality zaberdast ha or same ae ha jasa pic ma ha and fantastic quality product its outstanding,M***a,2023-12-24,04 Jan 2024,True,1,https://www.daraz.pk/products/m28-m28-3500mah-tws-m28-c-led-hifi-i444481683.html
"Airpods i12 - Super Sound & High-Quality Touch Sensors, True Stereo Headphones with Built-in Mic, Bluetooth Wireless Earbuds with Power Case, Sport Headset for All Bluetooth Smart Devices",999.0,1.0,Salaar Mart,5,good,S***.,2024-12-04,28 Dec 2024,True,0,https://www.daraz.pk/products/i12-i539610348.html
"AirPods Pro 2 - Bluetooth 5.3, Crystal-Clear Audio, Adaptive EQ",799.0,3.0,Salaar Mart,5,Thank you so much dear seller ! You gave me the right and 100 percent true thing that you showed. I am very happy to receive what I wanted from you. this Airpods Pro 2nd generation has very good price rate and very fast delivery. it has very unique packing system and the Airpods were shining 🌟 as showed in the advertising video. I recommend these to every buyer on Daraz. thank you so much l.,stanger02ab,2024-09-22,30 Sep 2024,True,4,https://www.daraz.pk/products/airpods-pro-2-bluetooth-53-crystal-clear-audio-adaptive-eq-i544717602.html
Original Mini Wireless Earbuds airpod air pro bluetooth handfree Invisible Ultra Small Bluetooth Handfree for all cell phones,229.0,12.0,(Jasmin Collection Lahore),5,"Totally 2 number ha phelly bar bs istamil huva ha 8 minutes. phair na hi charge ho rha ha, na hi on. you should be ashamed by selling 2 number things You should be ashamed of money made by this way",asimishaq790,2025-04-02,05 Apr 2025,True,1,https://www.daraz.pk/products/-i207784554.html
"Orignal F9 & M10 & M90 & M19 Airpods with Super Sound & High Quality Touch Sensors True Stereo Headphones with Built in Mic 10m Transmission Bluetooth Wireless Earbuds , Charging Case Sport Headset for all Bluetooth Smart devices.",729.0,25.0,AY online shoping (Lahore),5,Sound Quality:good Battery Life:good 👍 Comfort:👍 overall Good product as compare to the price.I recommended.. very good boht achaa he ye me one week ka review dy Raha hon thanks daraz delivery bhi boht achi thi 🥰🥰🥰,k***n,2025-04-10,16 Apr 2025,True,5,https://www.daraz.pk/products/f9-m10-m90-m19-tws-10-i752203119.html
Air 31 Airpods - Air31 Earbuds Wireless Earbuds - Air 31 Earbuds - Transparent Airpods Air 31 - Transparent Earbuds Air 31 TWS Earbuds - Airbuds - Earpods - Ear Buds Wireless - Air Buds - Bluetooth Earphones,749.0,28.0,Auranex,5,my producy is damage sound quality is bad ... i bought sevond time 1st one was nice please change the article,Aisha akhtar,2025-11-18,20 Nov 2025,True,1,https://www.daraz.pk/products/31-31-31-31-31-i935342353.html
"A31 F9 ,V6 ,i12 ,M10 ,i7 ,Pro WIRELESS i12 airpods EARBUDS WITH COVER CASE CABLE TOUCH CONTROL FAST CHARGING TRANSPARENT CASE BLUETOOTH 5.3 TYPE C PORT SLEEK HANDY DESIGN FOR BOYS GIRLS MEN WOMEN IN EAR DESIGN",799.0,15.0,NABIHA COLLECTION,1,main NY 2 pink color ky mehngy earbuds order kiye thy mgr wo white color main sasty waly recieve howy.... main ny return Bhi kiye thy mgr wo wapis mery pass bhaij dia gaya. Mujhy mery paisy wapis chahiye!!,Rai F.,2025-01-28,12 Feb 2025,True,1,https://www.daraz.pk/products/a31-53-c-i593129570.html
"i12 White TWS Airpods with Superior Sound & High-Quality Touch Sensors, True Stereo Headphones with Built-in Mic, 10m Bluetooth Transmission, Wireless Earbuds with Charging Case, Sport Headset for All Bluetooth Smart Devices.",899.0,1.0,Salaar Mart,5,"""The i12 White TWS Airpods are a great budget option for wireless earbuds. They offer good sound quality, easy Bluetooth pairing, and a sleek, compact design. With intuitive touch controls and decent battery life, they're perfect for casual use. A fantastic choice if you're looking for affordable, wireless audio without compromising on style.""",stanger02ab,2024-09-22,30 Sep 2024,True,3,https://www.daraz.pk/products/i12-tws-10-i544704819.html
N35 Earbuds TWS Wireless Bluetooth Earphones|N35 Gaming Earbuds Headset Air buds 9D Bluetooth 5.2 Stereo Bass Headphones Airpods Handsfree With Mic For PUBG Gaming For All Phones,1669.0,81.0,Mobile Accessories Tech,5,"Earbuds are very Good. Lighting Is Also Good, and you can switch between music and game mode by touching 4 times Definitely a good product",alamdarhussain5507475,2025-11-04,06 Nov 2025,True,1,https://www.daraz.pk/products/n35-tws-9d-52-i468072633.html
"Air 31 Ear pods Mini Samal Invisible Ultra Small Bluetooth Handfree Stereo Earbud Headset With Microphone, Support Hands-Free Calling For Smartphones",280.0,278.0,as online mart,5,Sound Quality:bilkul fazull ha jaldi se jaldi return kardo kitnay dino se return Kiya ha abhi tak nahi hua return,guest,2024-09-22,06 Oct 2024,True,1,https://www.daraz.pk/products/31-i267053310.html
"AirPods Pro 2nd Gen Wireless Earbuds with Active Noise Cancellation, Enhanced Audio, Customizable Fit, H1 Chip, Water & Sweat Resistance, Wireless Charging Case, Adaptive EQ, and Improved Battery Life",2000.0,24.0,Salaar Mart,5,VERY NICE PRODUCT . NICE BASS NICE VOCCAL . I AM RECOMANDED FOR THIS PRODUCT. FAST DELIVERY . BY THE WAY! FULLY DEVIL BASS 😈 I AM HAPPY FOR THIS PRODUT SAB KE SAB BHAI YAHAN SE BUY KREIN BOHAT ACHI SERVICE HAI😊😊,cabbbiotech10,2024-07-09,17 Jul 2024,True,1,https://www.daraz.pk/products/airpods-pro-2nd-gen-wireless-earbuds-with-active-noise-cancellation-enhanced-audio-customizable-fit-h1-chip-water-sweat-resistance-wireless-charging-case-adaptive-eq-and-improved-battery-life-i489940037.html
"AirPods_Pro 2nd Gen - Airpods 3rd Gen - Airpods 2nd TWS - Wireless Earbuds Bluetooth 5.0, Enhanced Bass Sound, Single Earbud, Charging Case with Extra Ear-Buds, Pop-Up Feature, Compatible with All Devices",4500.0,13.0,Salaar Mart,5,"Good experience ..😊2 time mngwa chuki.. Sound quality good 👍.. Really satisfied..Thank u daraz for the amazing bluetooth handfree..😍 bluetooth handsfree achi hai sound bhi theek hai or itni price mein ap ko is jesi mazboot bluetooth handsfree kahi say nahi mil sakti good quality I'm happy thanx daraz thanx seller Great product, great delivery I love it❤ both hand frees are in working and both are great ALHAMDULLILAH ☺☺",gulfamsamundri1,2024-07-08,17 Jul 2024,True,3,https://www.daraz.pk/products/2nd-3rd-2nd-tws-50-i490599053.html
"BQ40 Earbuds, BQ40 TWS Wireless Earbuds, BQ40 Earbuds Gaming Stereo True Wireless Earphones, BQ40 Airpods TWS BQ40 True Wireless Bluetooth 5.3 Earbuds Noise Cancelling Earphones Stereo HiFi Sound Sport Headphones Touch Control Game Headsets Gaming Earbuds",1762.0,115.0,Hillstripe.Online,5,Sound Quality:Best echo sound Battery Life:Very long time and excellent and charger is also powerful Comfort:For fixing it in both ears very comfortable feel. Thanks for that.,H***.,2025-02-12,15 Feb 2025,True,2,https://www.daraz.pk/products/bq40-tws-bq40-bq40-bq40-bq40-tws-bq40-53-hifi-i451131594.html
"Airpods_i12 with Super Sound & High Quality Touch Sensors True Stereo Headphones with Built in Mic 10m Transmission Bluetooth Wireless Earbuds , Charging Case Sport Headset for all Bluetooth Smart devices.",3000.0,12.0,Salaar Mart,5,سر 100% وہی چیز ہے جو دکھائی جا رہی تھی۔ میرا فرسٹ ایکسپرینس تھا۔پر بہت ہی اچھا رہا سیلر بہت ہی ایماندار بندہ ہے میں بہت ہی مطمعن ہوا مجھے آرڈر ملنے تک ٹائیم ٹو ٹائیم ریسپونس اور پوری تسلی دیلائی۔ اور چیز آپکے سامنے ہے۔ بندے کہتے کہ ہیں (رویوز) ان کے اپنے بندے دیتے ہیں۔ لیکن یہ بات بلکل غلط ہے سو بنا کسی ڈر کے اپنا آرڈر بک کریں بہت ہی مناسب ریٹ پی بیسٹ کوالٹی (ایئربڈس) سائونڈ، بیٹری ٹائیمنگ، کلر،دکھنے میں کافی خوبصورت ہیں ابھی ڈلیوری بھی بلکل فری ہے۔ اور ہاں ڈلیوری بوائے👌 شکریہ *بگ سٹور،دراز❣️,cabbbiotech3,2024-07-07,17 Jul 2024,True,3,https://www.daraz.pk/products/i12-10-i512952067.html
"Orignal F9 TWS Airpods with Super Sound & High Quality Touch Sensors True Stereo Headphones with Built in Mic 10m Transmission Bluetooth Wireless Earbuds , Charging Case Sport Headset for all Bluetooth Smart devices.",729.0,15.0,Haram Collection Lahore,5,Sound Quality:5 Battery Life:1.45 minutes Comfort:not oder f9 ki the kay baj di ha lokal mail,mh8267793,2025-07-21,26 Jul 2025,True,3,https://www.daraz.pk/products/tws-f9-10-i471468844.html
"M10 & M90 TWS Airpods _ with Super Sound & High Quality Touch Sensors True Stereo Headphones with Built in Mic 10m Transmission Bluetooth Wireless Earbuds , Sport Headset for all Bluetooth Smart devices.",824.0,96.0,EasyShop®,5,Sound Quality:bhoat hi bakwas ha charge hoti nhi ha,M***.,2024-08-15,23 Aug 2024,True,2,https://www.daraz.pk/products/m10-m90-tws-10-i511330627.html
"BQ40 Earbuds ,BQ40 Stereo True Wireless Earphone TWS -Airdots True Wireless Bluetooth V5.3 Stereo Bass Handsfree, Earbuds AirPods With Mic - Simple and Extraordinary, Born For Music-Lightweight and Imported",1999.0,102.0,MobilMart,5,بہت ہی اچھے ہی جی ۔ بیٹری 🔋 بھی بہت اچھی چیز بھی بہت اچھی ۔ آواز بھی بہت اچھی ہے ۔ شکریہ,maaz I.,2024-04-17,24 Apr 2024,True,3,https://www.daraz.pk/products/bq40-bq40-tws-v53-i453561329.html
Air Pro Black Wireless Headset Bluetooth Air pod tws Earpieces E7S TWO Ear bud Twins Earphone With Charging box Earphones EarbudM10-Color Family Headphones & Headsets&gt;Wireless Earbuds,719.0,26.0,(Hania Collection Lahore),5,Sound Quality:Kamal Ka Sound Bass Kamal Sab Chiz Bht Achi Hai kam paison me bht achi chiz hai or mazy ki baat hai noice cancelation mode bhi hai fully recommended🔥🔥🔥🔥❤️♥️,a***i,2024-07-23,06 Aug 2024,True,5,https://www.daraz.pk/products/7-10-i478917871.html
"M10 & M90 TWS Airpod _ with Super Sound & High Quality Touch Sensors True Stereo Headphones with Built in Mic 10m Transmission Bluetooth Wireless Earbuds , Charging Case Sport Headset for all Bluetooth Smart devices.",748.0,2.0,HSB,5,بہت ہی بےکار چیز ہے دونوں کام نہیں کر رہی ہے بہت گھٹیا ہے,Mohsin Ali,2026-06-14,17 Jun 2026,True,1,https://www.daraz.pk/products/m10-m90-tws-airpod-_-with-super-sound-high-quality-touch-sensors-true-stereo-headphones-with-built-in-mic-10m-transmission-bluetooth-wireless-earbuds-charging-case-sport-headset-for-all-bluetooth-smart-devices-i1958101065.html
All Models Bluetooth Air 31 White Mini bluetooth Double & inpods 31 airpod Wireless Headset For Android & all Phones Wireless Earbuds with Noise Cancelling Microphoned-Color Family: Air 31 Headphones & Headsets&gt;Wireless Earbuds,699.0,542.0,Jasmin Collection,5,Sound Quality:1 side chal rahi or dusri kabi chalti kabi nahi Battery Life:Batry khrab h 68 hi bling hoi ja rahi,Hassan,2024-07-15,23 Jul 2024,True,1,https://www.daraz.pk/products/31-31-31-i479664212.html
F9 TWS Wireless Earbuds|F9 Wireless Headset Bluetooth 5.1 Earphones Airpods in-ear Headphones Handsfree Airbuds Pods Stereo 9D with 2000mAh Smart LED Display Charging Case,1391.0,196.0,Hillstripe.Online,4,Good quality and fast delivery service. sound is also good quality .,HASSAN,2024-06-02,08 Jun 2024,True,2,https://www.daraz.pk/products/tws-f9-f9-51-9d-2000mah-led-i394040975.html
"Air.Pods Pro TWS Wireless Ear-buds - Bluetooth 5.0, Superior Sound Bass, Dual Ear-phones with Charging Case, Hands-Free Calling, and Extra Ear-buds (Compatible with All Bluetooth Devices, )",697.0,4.0,Vipshop©,5,Sound Quality:abe Bhai kharab Airbuds bheje hai Comfort:kaddu but I order a black one but I receive white Airbuds 😑 👎 bakwaas ❌🤬🤬🤬🤬🤬,taqi6516,2026-07-10,17 Jul 2026,True,1,https://www.daraz.pk/products/50-i1958622348.html
Airpro Double and Airpod Wireless Bluetooth Handfree Stereo Earphones White bluetooth ear phone for all cell phones use-Color Family Headphones & Headsets Wireless Earbud,841.0,1.0,City Mall..,5,Sound Quality:10/10 Comfort:10/10,alishanazir058,2026-08-04,3 weeks ago,True,0,https://www.daraz.pk/products/airpro-double-and-airpod-wireless-bluetooth-handfree-stereo-earphones-white-bluetooth-ear-phone-for-all-cell-phones-use-color-family-headphones-headsets-wireless-earbud-i1958053947.html
Air buds Mini Air Pro 4 Bluetooth Earphone TWS Wireless Headphones Sport Airpods_Gaming Headset Bass Handsfree Wireless Earbuds For iPhone Android - White / Black,2000.0,30.0,Salaar Mart,5,amazing products and amazing delivery on the time zbrdst,PrincE B.,2024-05-31,05 Jun 2024,True,0,https://www.daraz.pk/products/4-tws-i473176294.html
"Airpods Pro 2nd generation -Super Sound & High-Quality Touch Sensors, True Stereo Headphones with Built-in Mic, Bluetooth Wireless Earbuds with Power Case, Sport Headset for All Bluetooth Smart Devices",799.0,1.0,Salaar Mart,5,Sound Quality:10/10 Battery Life:10/10 Comfort:10/10 mujhe parcel 4/5 din se receive ho chuka tha product use karne ke baad honest review Dena chahti thi......Amazing discount everything best i 🤗🤗 I like it thank you seller,3***5,2024-12-05,11 Dec 2024,True,1,https://www.daraz.pk/products/2nd-i539563940.html
Audionic Airbud 495 Wireless Earbuds | 40Hr Long Battery Budget Earbuds | Quad MIC Noise Cancelling Earbuds For Calling | Gaming Mode 50ms Low Latency | BT 5.3 USB-C TWS,3000.0,253.0,Audionic,5,Sound Quality: awesome Battery Life: also good Comfort: Very comfortable,A***.,2024-08-22,24 Aug 2024,True,2,https://www.daraz.pk/products/audionic-airbud-495-wireless-earbuds-40hr-long-battery-budget-earbuds-quad-mic-noise-cancelling-earbuds-for-calling-gaming-mode-50ms-low-latency-bt-53-usb-c-tws-i541316785.html
EARBUDS AIR 31 AIRPODS WIRELESS EARBUDS WITH CRYSTAL TRANSPARENT CASE WITH TYPE C CHARGING|EARBUDS BLUETOOTH 5.3 | NEW MODEL AIR 31,894.0,31.0,Gadget & More 2.0,5,very good quality and performance 👍🏻 Case details: - within 30 minutes charges full. - 2 times charges the headsets. Headsets details: - within 10 minutes charges full. - almost 1½ hrs works. Good recommendation 😁 Buy without repentance 💯 * But charge a bit before use Sound Quality:good but dry sound,3***7,2024-08-10,15 Aug 2024,True,4,https://www.daraz.pk/products/31-c-53-31-i438404151.html
"M19 TWS Airpods _ with Super Sound & High Quality Touch Sensors True Stereo Headphones with Built in Mic 10m Transmission Bluetooth Wireless Earbuds , Charging Case Sport Headset for all Bluetooth Smart devices.",732.0,29.0,Rana Collection 2,5,aslamualekum mujhe aj parsal mila boht e pasnd Aya wow amazing product thank you selar & daraz❤️❤️❤️,z***3,2024-07-22,18 Oct 2024,True,4,https://www.daraz.pk/products/tws-m19-10-i515743913.html
Original Air 31 Airpods TWS Double Wireless tws Bluetooth Hand Free with Power Bank Stereo Earphones White bluetooth ear phone for all cell phones use-Color Family: Air 31 TWS,729.0,22.0,as online mart,5,"earbuds offer excellent sound quality, delivering crisp highs and deep bass 🎵. Their comfortable fit ensures prolonged usage without discomfort, making them great for workouts or everyday use 💪. The battery life is impressive, providing hours of uninterrupted listening 🕒. However, the lack of active noise cancellation might be a downside for some users in noisy environments 🤔. Overall, the earbuds are a solid choice for those seeking reliable audio performance at an affordable price.",w***.,2024-05-04,14 May 2024,True,6,https://www.daraz.pk/products/31-tws-tws-31-tws-i473608857.html
"TWS Air pro & Air 31 Air pod_ with Super Sound & High Quality Touch Sensors True Stereo Headphones with Built in Mic 10m Transmission Bluetooth Wireless Earbuds , power Case Sport Headset for all Bluetooth Smart devices.",499.0,8.0,Hania Collection (Lahore),5,"Aoa, rcv my parsal with in 2 days mujhy ye parsal Thursday tk chahiy tha but 2 din mei rcv HOA I'm totally impressed for fast delivery and thank you seller meny seller ko bola tha k jaldi chahiy parsal or itni fast delivery ho gi SB sy zida ye achi bat lagi bohat shopping ki but itni jaldi delivery nahi hoi kbhi but thank , or ye air pods hum NY 3 set order kiy thy 3 bohat achy rahy music or calls k liy bohat achy Hain sound clear Hy I 💯 % recommend for this product thanks seller rider daraz",d***z,2026-08-06,4 weeks ago,True,3,https://www.daraz.pk/products/tws-air-pro-air-31-air-pod_-10m-i1958716911.html
"M10 & M90 TWS Airpod _ with Super Sound & High Quality Touch Sensors True Stereo Headphones with Built in Mic 10m Transmission Bluetooth Wireless Earbuds , Charging Case Sport Headset for all Bluetooth Smart devices.",748.0,1.0,Tec By AA,5,Niche se kula hua tha gule lagani pari Lekin awaz achhi ha thk chez ha,panadolextra600,2026-07-12,17 Jul 2026,True,0,https://www.daraz.pk/products/m10-m90-tws-airpod-_-with-super-sound-high-quality-touch-sensors-true-stereo-headphones-with-built-in-mic-10m-transmission-bluetooth-wireless-earbuds-charging-case-sport-headset-for-all-bluetooth-smart-devices-i1958091978.html
Airpods Pro_ Earbuds Inpods Black White M10 Bluetooth Headset With Sweatproof Wireless earbuds with charging case,749.0,5.0,ii accessories,1,"so sad dear when I received these airbuds I gave u excellent remarks and comments before using it, when I started using these I surprised to have only 1 airbud or rights side is working other is not switch ON and not working I placed refund or return order and I dropped it a daraz for refund but my request rejected without checking it that really 1 bud of left side is not working I waisted money. very sad for few rupees u can go down enough. even I did not complain about dirty case and buds but once I checked was fine and gave good reviews now I take returned my words no issue if u rejected but futiral I wouldn't do this mistake shipping from ur shop or and any item. may Allah give u more money. look this vdo 1 right working othe left side even not blinking not ON and doesn't charge",Wazir A.,2025-09-10,06 Oct 2025,True,0,https://www.daraz.pk/products/m10-i911252887.html
"Air31 TWS Wireless Bluetooth 5.0 Earbuds Gaming Headset with LED Display, Noise Cancellation & Sport Fit",669.0,1031.0,Choice By E&M.Selection,5,Sound Quality:fantastic Battery Life:better for almost 2 hours we can use continuously Comfort:this is the most satisfying thing I feel,sonipari539,2025-07-07,09 Jul 2025,True,1,https://www.daraz.pk/products/air31-tws-wireless-bluetooth-50-earbuds-gaming-headset-with-led-display-noise-cancellation-sport-fit-i595261372.html
"Orignal M27 TWS Airpod with Super Sound & High Quality Touch Sensors True Stereo Headphones with Built in Mic 10m Transmission Bluetooth Wireless Earbuds , Charging Case Sport Headset for all Bluetooth Smart devices.",749.0,3.0,Bukhari Online Mart.,5,this is very very good. It's gaulity is not bad.,a***6,2026-05-07,12 May 2026,True,6,https://www.daraz.pk/products/27-10-i462708750.html
EARBUDS AIR 31 AIRPODS WIRELESS EARBUDS WITH CRYSTAL TRANSPARENT CASE WITH TYPE C CHARGING|EARBUDS BLUETOOTH 5.3 | NEW MODEL AIR 31,672.0,31.0,EasyShop®,5,سر 100% وہی چیز ہے جو دکھائی جا رہی تھی۔ میرا فرسٹ ایکسپرینس تھا۔پر بہت ہی اچھا رہا سیلر بہت ہی ایماندار بندہ ہے میں بہت ہی مطمعن ہوا مجھے آرڈر ملنے تک ٹائیم ٹو ٹائیم ریسپونس اور پوری تسلی دیلائی۔ اور چیز آپکے سامنے ہے۔ بندے کہتے کہ ہیں (رویوز) ان کے اپنے بندے دیتے ہیں۔ لیکن یہ بات بلکل غلط ہے سو بنا کسی ڈر کے اپنا آرڈر بک کریں بہت ہی مناسب ریٹ پی بیسٹ کوالٹی (ایئربڈس) سائونڈ، بیٹری ٹائیمنگ، کلر،دکھنے میں کافی خوبصورت ہیں ابھی ڈلیوری بھی بلکل فری ہے۔ اور ہاں ڈلیوری بوائے👌 شکریہ *ر،دراز❣️,tania,2024-09-24,05 Oct 2024,True,2,https://www.daraz.pk/products/31-c-53-31-i573114917.html
Airpods F9 TWS (True Wireless Stereo) Bluetooth Earbuds Dual Earphones With PowerBank Sports In-Ear Headset With Noice Cancellation / Built in Mic.,841.0,9.0,Online Shop 4,5,Good product volume is also good but battry timing is 2 hours,L,2026-01-06,14 Jan 2026,True,2,https://www.daraz.pk/products/airpods-f9-tws-true-wireless-stereo-bluetooth-earbuds-dual-earphones-with-powerbank-sports-in-ear-headset-with-noice-cancellation-built-in-mic-i252461917.html
"AirPods Pro have been designed to deliver Active Noise Cancellation for immersive sound, AirPods Pro connect magically to your Apple device Transparency mode so you can hear your surroundings and a customisable fit for all-day comfor. Just like AirPods H,",739.0,10.0,AS SHOP 1581614841,5,Loved it I mean it’s quality is so much better more than I expected highly recommended 🔥,Shumaila N.,2025-09-25,27 Sep 2025,True,1,https://www.daraz.pk/products/airpods-pro-have-been-designed-to-deliver-active-noise-cancellation-for-immersive-sound-airpods-pro-connect-magically-to-your-apple-device-transparency-mode-so-you-can-hear-your-surroundings-and-a-customisable-fit-for-all-day-comfor-just-like-airpods-h-i478748289.html
M19 Airpods TWS (True Wireless Stereo) Bluetooth Earphones Headset With HiFi Stereo Sound & Touch Control System (Connected With All Bluetooth Devices).,861.0,14.0,Own Mall,5,Sound Quality:it sounds good but sometimes it gets a bit louder Battery Life:perfect Comfort:it's comfortable for a time period but if you use it for a long time your ear will eventually start hurting,arfa65698,2026-06-18,02 Aug 2026,True,1,https://www.daraz.pk/products/m19-tws-hifi-i1947256700.html
"Orignal Air 31 TWS Airpods with Super Sound & High Quality Touch Sensors True Stereo Headphones with Built in Mic 10m Transmission Bluetooth Wireless Earbuds , Charging Case Sport Headset for all Bluetooth Smart devices. Headphones & Headsets&gt;Wireless Ear",739.0,57.0,AY online shoping (Lahore),5,Sound Quality:Good Battery Life:4 hours Comfort:Good in use reviewing after using for a week. Air pods quality is good. Worth the price . Recommended,Fatima Kamran174,2026-04-16,29 Apr 2026,True,3,https://www.daraz.pk/products/31-tws-10-i473626124.html
Air31 Double and Airpods Wireless Bluetooth Hand Free with Power Bank Stereo Earphones White bluetooth ear phone for all cell phones use-Color Family Headphones & Headsets&gt;Wireless Earbuds,746.0,26.0,AS online Store (Lahore),5,delivery is so fast and comfortable is ki sound b bohat achi ha dhakny ma b bohat cute say ha but charching cable nai ha sath. Hala k mention ki gai ha Any way over all it's a good product.,Daraz Guest,2026-06-08,10 Jun 2026,True,1,https://www.daraz.pk/products/31-i473608501.html
F9 TWS Wireless Earbuds|F9 Wireless Headset Bluetooth 5.1 Earphones Airpods in-ear Headphones Handsfree Airbuds Stereo 9D with 2000mAh Smart LED Display Charging Case,1391.0,39.0,Hillstripe.Online,5,nice h achi quality h batry use krny k bd PTA chla gy all over nice sound b nice recommended thanks draz,Sumkhan 0436,2026-02-08,11 Feb 2026,True,1,https://www.daraz.pk/products/tws-f9-f9-51-9d-2000mah-led-i427461751.html
Air 31 Airpods - Air31 Earbuds Wireless Earbuds - Air 31 Earbuds - Transparent Airpods Air 31 - Transparent Earbuds Air 31 TWS Earbuds - Airbuds - Earpods - Ear Buds Wireless - Air Buds - Bluetooth Earphones,767.0,7.0,DigiNex,5,its good Sound Quality:bs normal h,*******496,2026-01-12,15 Jan 2026,True,1,https://www.daraz.pk/products/31-31-31-31-31-i914982669.html
"M10 TWS Airpods _ with Super Sound & High Quality Touch Sensors True Stereo Headphones with Built in Mic 10m Transmission Bluetooth Wireless Earbuds , Sport Headset for all Bluetooth Smart devices. (No Color Choice)",669.0,448.0,SPChoice.Selection,5,Sound Quality:A One🎶 Battery Life:isn't checking now Comfort:50% bcz isn't setting in ear it's dropping by ears🥺,Rabia K.,2024-10-19,17 Feb 2025,False,3,https://www.daraz.pk/products/m10-tws-airpods-_-with-super-sound-high-quality-touch-sensors-true-stereo-headphones-with-built-in-mic-10m-transmission-bluetooth-wireless-earbuds-sport-headset-for-all-bluetooth-smart-devices-no-color-choice-i669092308.html
"E7s Airpods Wireless Earbuds, Air Pro, Air Buds, Earpods with ANC, Transparency Mode, Spatial Audio, and MagSafe Charging Case",599.0,26.0,AST Official.Selection,5,Sound Quality:sound quality is best and too loud second fall the charging percentage is not going up 48%,Muhammed,2026-04-12,14 Apr 2026,True,2,https://www.daraz.pk/products/led-tws-enc-hifi-53-i894521046.html
"TWS Wireless Bluetooth Earbuds V5.0 with Touch Sensor and Built-in Mic, True Stereo, 10m Transmission, Charging Case, Sports Headset for All Bluetooth Devices - Bla",899.0,30.0,Q Hub,5,ye work ni kr rhe dabbi me hn to do mint chal kr band hojate hen ek mint b charge ni chal rhi waste of money,anam,2024-08-05,09 Aug 2024,True,1,https://www.daraz.pk/products/m10-and-m90-tws-airpods-super-sound-bluetooth-wireless-earbuds-i454404209.html
"Original M19 Airpod_ with Super Sound & High Quality Touch Sensors True Stereo Headphones with Built in Mic 10m Transmission Bluetooth Wireless Earbuds , Charging Case Sport Headset for all Bluetooth Smart devices",888.0,3.0,(The BiG Shop),4,"Sound Quality:Awesome Battery Life:Good Comfort:Good Seller na description mei M19 likha hua hai liking seller na M10 send kahr diaha hai but M10 ki Quality boht achi hai.NEWEST company ka original M10 earbuds hai.Box mei (""charging cable,extra ear tips and user manual"") nahi hai.",Muhammad Haris,2026-06-15,02 Jul 2026,True,2,https://www.daraz.pk/products/m19-_-10m-i500855553.html
"Pzx L50 Slim Bluetooth Wireless Earbuds - Original TWS AirPods with Touch Sensor, High Sound Quality, and Built-in Mic for All Smart Devices (White)",841.0,2.0,OKIE,5,This is amazing and good product to send me i m buy 2 AirPods and again after receiving 2 more Oder …I m satisfied this store and person ..,a***a,2025-01-20,23 Jan 2025,True,0,https://www.daraz.pk/products/pzx-l50-tws-i650966223.html
Air buds Transparent Air39 Airpods Bluetooth Round Drawer TWS Fully WATER prof Earphones Wireless Earbuds ENC Noise Reduction Headsets LED Display Sport Headphones Round Drawer Type Charging Case Best Wireless Airbuds Environmental Touch Control Earbu,929.0,163.0,Favourite Store 1,5,good cavalte bhot he galdi mil gayea Battery Life:batter life bohat achi ha Comfort:bohat he comfort ha Sound Quality:sound quality be bohat achi ha Galdi sa order kara,F***k,2025-10-12,25 Oct 2025,True,1,https://www.daraz.pk/products/39-tws-enc-led-bu-i690932436.html
YD MINI Wireless Earbuds Bluetooth Earphones In-Ear ENC Noise Reduction Headphone Waterproof Earbuds Digital Display TWS Bluetooth Earphones Airpods HD Stereo Fingerprint Touch Noise Cancelling Gaming Headset with Mic,1499.0,5.0,TECH CORNER (SMC-PRIVATE) LIMITED,5,Product per description. 100% original product. Thanks daraz.,Rabia,2024-02-09,22 Feb 2024,True,0,https://www.daraz.pk/products/yd-enc-tws-hd-i461898012.html
"Airpods M10 original || Original M10 & M90 TWS Airpods_ with Super Sound & High Quality Touch Sensors True Stereo Headphones, Charging Case Sport Headset for all Bluetooth Smart devices.",799.0,3.0,B & B,5,highly recommend ❤️🥳 very nice 🙂,mahnoor A.,2024-06-13,12 Nov 2024,True,1,https://www.daraz.pk/products/m10-m10-m90-tws-i461445940.html
New Air 31 Wireless Bluetooth Headset airpods handfree earbuds airdots Hanging Ear Unisex Driving Can Answer The Phone Long Standby 1 Minute Fast Charge Single Headsr-Color Family Headphones & Headsets&gt;Wireless Earbuds,790.0,137.0,VJP OFFICIAL D-choice,5,Sound Quality:very bad Battery Life:1.40 hours after full charge Comfort:ok jo log kam use karty han un k liay achy not for me also call py awaz hi nhe ati agr ik lagai ho,3***0,2025-10-07,10 Oct 2025,True,1,https://www.daraz.pk/products/new-air-31-wireless-bluetooth-headset-airpods-handfree-earbuds-airdots-hanging-ear-unisex-driving-can-answer-the-phone-long-standby-1-minute-fast-charge-single-headsr-color-family-headphones-headsetswireless-earbuds-i845453254.html
Airpods Pro 4 High Quality 4th Generation With Active Noise Cancellation Premium Quality,799.0,3.0,ii accessories,5,blkl bakwas on hi ni horrha,asifshajee805,2025-11-02,20 Nov 2025,True,0,https://www.daraz.pk/products/4-4th-i917638108.html
Air 39 Earbuds wireless Transparent airpods | Air39 Bluetooth Gaming EARBUDS |LED Display | Super Bass | HD sound Quality | Trendy earphone | Latest Technology | Water Proof | HD Calling | TWS Technology | Sports Headphone,799.0,1.0,B.Tech.,5,Battery Life:yr ya charge ka Kiya masla hain AP Bata do mujhay plzz,3***7,2026-07-01,05 Jul 2026,True,0,https://www.daraz.pk/products/39-39-led-hd-hd-tws-i942892075.html
Audionic Airbud 425 Quad Mic | ENC Wireless Earbuds | Gaming mode Low Latency TWS Earbud With 40 Hours Playtime | IPx4 Water Proof Wireless Earphones With Voice Assistance Bluetooth Ear buds And Headphones,3399.0,4464.0,Audionic,5,amazing producks sound and touch kamal bhout pasand ayai.. thanks. Sound Quality:good Battery Life:good Comfort:good,Ladla Q.,2024-08-14,19 Aug 2024,True,3,https://www.daraz.pk/products/425-40-4-i399850138.html
Air 31 Airpods - Air31 Earbuds Wireless Earbuds - Air 31 Earbuds - Transparent Airpods Air 31 - Transparent Earbuds Air 31 TWS Earbuds - Airbuds - Earpods - Ear Buds Wireless - Bluetooth Earphones - Air buds,679.0,9.0,VJP OFFICIAL D-choice,5,Not turning on I ordered two airbuds both are not working,a***8,2026-05-31,04 Jun 2026,True,1,https://www.daraz.pk/products/air31-tws-wireless-bluetooth-50-earbuds-gaming-headset-with-led-display-noise-cancellation-sport-fit-i894511652.html
EARBUDS AIR 31 AIRPODS WIRELESS EARBUDS WITH CRYSTAL TRANSPARENT CASE WITH TYPE C CHARGING|EARBUDS BLUETOOTH 5.3 | NEW MODEL,699.0,74.0,House Of Fashion2020,5,Ma'Sha Allah bahut Acha product hai. jaisa pyare Bhai (Seller)ne Kaha bilkul wohi chez bheji aur munasib price mein mile Hain. Sound quality b bahut Achi hai delivery b Apne time se pehle mil gai hai. Seller aik imandar aur Ba ikhlaq insan Hai. JazakAllah pyare bhai. Thanks to the seller and Draz.,3***0,2024-06-06,08 Jun 2024,True,5,https://www.daraz.pk/products/31-c-53-i472999152.html
"Air 31 & Inpods 12 & AirPods Pro Wireless Earbuds with woofer Bluetooth 5.0, Super Sound Base & High Quality Touch Sensors True Stereo Bluetooth Earbuds Dual Earphones Charging Case Sport Headset Compatible with All Bluetooth Devices.",699.0,6.0,Tayyaba Collection (Lahore),5,"The air pro 3 earbuds offer excellent sound quality, delivering crisp highs and deep bass 🎵. Their comfortable fit ensures prolonged usage without discomfort, making them great for workouts or everyday use 💪. The battery life is impressive, providing hours of uninterrupted listening 🕒. However, the lack of active noise cancellation might be a downside for some users in noisy environments 🤔. Overall, the air pro earbuds are a solid choice for those seeking reliable audio performance at an affordable price. Thanks daraz 😍🥰😘",B***l,2024-05-17,21 May 2024,True,6,https://www.daraz.pk/products/air-31-inpods-12-airpods-pro-wireless-earbuds-with-woofer-bluetooth-50-super-sound-base-high-quality-touch-sensors-true-stereo-bluetooth-earbuds-dual-earphones-charging-case-sport-headset-compatible-with-all-bluetooth-devices-i471497989.html
"Original A6S TWS Airpods - Wireless Earbuds, Air Pro, Air Buds, Airdots with ANC, Transparency Mode, Spatial Audio, and MagSafe Charging Case",699.0,11.0,AST Official.Selection,5,"ye copy hai, asal product nhe hai. mene Ali express se khareeda tha, ye ess ki copy hai. charger sahee tareeqy se bnd nhe hota. Me aap logo ko recommend nhe kr raha.",B***K,2025-12-10,15 Dec 2025,True,3,https://www.daraz.pk/products/airpods-pro-2nd-generation-wireless-earbuds-air-pro-air-buds-earpods-with-anc-transparency-mode-spatial-audio-and-magsafe-charging-case-i894405768.html
YD05 Tws Smart Touch Control Earbuds Earphones Sports Wireless Bluetooth 5.3 Noise Reduction Earphone Headphone Water Proof Earphone Airpods Digital Display 3D Touch Control HiFi Stereo Fingerprint Touch Music Noise Reduction Sports Gaming Headset Earbuds,1669.0,19.0,Hillstripe.Online,5,mind belowing product 100./. recommended,Uzair A.,2025-08-21,26 Aug 2025,True,0,https://www.daraz.pk/products/tws-yd05-53-3d-hifi-i436354424.html
Audionic Airbud 550 Quad MIC ENC Earbuds | Gaming Mode | IPx4 Water Proof TWS Wireless Earbuds With 26 Hour Playtime Bluetooth Ear buds And Headphones,3699.0,5691.0,Audionic,5,Highly recommended🙌🏻 Sound Quality: too good Battery Life: excellent Comfort: 100% satisfied,syeda,2024-08-08,13 Aug 2024,True,2,https://www.daraz.pk/products/550-4-26-i406426939.html
Air 31 Airpods - Bluetooth 5.3 Wireless Ear Buds - TWS Earbuds - AirpodsPro - Earphone - Air Pods - Dual Earphones Headset - Bluetooth Handsfree - Perfect Gift For Girls & Boys,999.0,7.0,Tech Bazaar Store,5,Thank you daraz .... packing was good enough delivered before time thank you seller... overall acha hai results was satisfactory ✨,Rabia,2025-10-11,19 Oct 2025,True,4,https://www.daraz.pk/products/air-31-airpods-bluetooth-53-wireless-ear-buds-tws-earbuds-airpodspro-earphone-air-pods-dual-earphones-headset-bluetooth-handsfree-perfect-gift-for-girls-boys-i926935938.html
Airpods Latest-H6 Tws Wireless Bluetooth 5.0 Earphone Sport Headphones LED Display Button Control Earbuds Headset For Phone,1296.0,1.0,GMall™,5,alhamdulillah mujhe aapka parcel receive ho chuka hai bhai,lk2743714,2026-06-06,09 Jun 2026,True,2,https://www.daraz.pk/products/latest-h6-tws-50-led-i492861158.html
M10 & M19 Airpods TWS True Wireless Stereo Bluetooth Earphones Headset With HiFi Stereo Sound & Touch Control System Connected With All Bluetooth Devices.,901.0,23.0,Choice By E&M.Selection,5,ایسا نہیں ہوجو منگوایا وہی ہے لیکن لوکل اٹھا کر بھیج دیا ہے وہ بھی بغیر کیبل کے ایسا نہیں ہونا چاہیے,3***7,2026-02-22,26 Feb 2026,True,4,https://www.daraz.pk/products/m19-airpods-tws-true-wireless-stereo-bluetooth-earphones-headset-with-hifi-stereo-sound-touch-control-system-connected-with-all-bluetooth-devices-i941097813.html
"Air 31TWS with Super Sound & High Quality Touch Sensors True Stereo Headphones with AirPods Pro connect magically to your Apple device Transparency mode so you can hear your surroundings and a customisable fit for all-day comfor. Just like AirPods H,",739.0,2.0,AS SHOP 1581614841,5,Sound Quality:Good Battery Life:Good,shaikhshayan430,2026-06-06,15 Jun 2026,True,1,https://www.daraz.pk/products/air-31tws-with-super-sound-high-quality-touch-sensors-true-stereo-headphones-with-airpods-pro-connect-magically-to-your-apple-device-transparency-mode-so-you-can-hear-your-surroundings-and-a-customisable-fit-for-all-day-comfor-just-like-airpods-h-i675857693.html
M10 Earbuds Style TWS Earbuds Airpod Style Wireless Earbuds Bluetooth Earphones Emergency Power Bank Heavy Bass Gaming Earbuds Touch Control Air Buds,999.0,7.0,my virtual Mall,5,Sound Quality:v.Good Battery Life:V.Good Comfort:Power bank case aur led display bohat useful feature hai. Phone bhi charge ho jata hai emergency mein. Heavy bass aur loud sound hai. Best sports handsfree for gym workouts❤️,watch3739gb,2026-05-22,24 May 2026,True,6,https://www.daraz.pk/products/10-i1957727144.html
Original M10TWS AIRPODS Wireless Earphones Touch Control 5.1 with power bank charger Headset Waterproof 9D Hifi Quality Earbuds 2000mAh Stereo Sports Headphones With Microphone,721.0,1.0,(Hania Collection Lahore),5,best product packaging is top notch worth it,hamnaveed565,2026-08-12,2 weeks ago,True,0,https://www.daraz.pk/products/original-m10tws-airpods-wireless-earphones-touch-control-51-with-power-bank-charger-headset-waterproof-9d-hifi-quality-earbuds-2000mah-stereo-sports-headphones-with-microphone-i574128023.html
F9 TWS Wireless Earbuds|F9 Wireless Headset Bluetooth 5.1 Earphones Airpods in-ear Headphones Handsfree Airbuds Pods Stereo 9D with 2000mAh Smart LED Display Charging Case,1391.0,55.0,simply craft,5,A variety of required item available. Very Coporative and satisfaction product are avaibles.😊 Very good product are Require... Iam very impressed Draz platform are best option for online shopping ...,Rabiaaa,2024-08-27,21 Sep 2024,True,2,https://www.daraz.pk/products/tws-f9-f9-51-9d-2000mah-led-i520330761.html
"AirPods Pro Wireless Earbuds Air 39 Pro with woofer Bluetooth 5.0, Super Sound Base & High Quality Touch Sensors True Stereo Bluetooth Earbuds Dual Earphones Charging Case Sport Headset Compatible with All Bluetooth Devices.",1049.0,8.0,Tayyaba Collection (Lahore),5,"I like it , will strongly recommend for uses also better to uses on , when u wear helmet",3***4,2025-12-08,11 Dec 2025,True,1,https://www.daraz.pk/products/airpods-pro-wireless-earbuds-air-39-pro-with-woofer-bluetooth-50-super-sound-base-high-quality-touch-sensors-true-stereo-bluetooth-earbuds-dual-earphones-charging-case-sport-headset-compatible-with-all-bluetooth-devices-i487954740.html
YD03 TWS Wireless Bluetooth 5.3 Earphones Earbuds Headphones ENC Noise Reduction Waterproof Mirror Digital Display HD Stereo Finger Print Touch Gaming Airpods Headset with Charging Box,1669.0,3.0,Hillstripe.Online,5,Sound Quality:nice بہت ہی اچھی کوالٹی ہے,s26436016,2026-01-14,21 Jan 2026,True,0,https://www.daraz.pk/products/tws-yd03-53-enc-hd-i436455973.html
"M10 & M90 TWS Airpod _ with Super Sound & High Quality Touch Sensors True Stereo Headphones with Built in Mic 10m Transmission Bluetooth Wireless Earbuds , Charging Case Sport Headset for all Bluetooth Smart devices.",649.0,1.0,Accessory HUB 6,5,sound quality is very good bettery life is very good it's very comfortable,A***r,2026-07-10,1 hour ago,True,0,https://www.daraz.pk/products/m10-m90-tws-airpod-_-with-super-sound-high-quality-touch-sensors-true-stereo-headphones-with-built-in-mic-10m-transmission-bluetooth-wireless-earbuds-charging-case-sport-headset-for-all-bluetooth-smart-devices-i1958723267.html
"TWS Airpods _ with Super Sound & High Quality Touch Sensors True Stereo Headphones with Built in Mic 10m Transmission Bluetooth Wireless Earbuds , Sport Headset for all Bluetooth Smart devices",694.0,12.0,Gravity Mall,5,"Working perfectly, these earbuds are genuine from Audionic. Must buy if you want the earbuds that don't need recharge everyday. I am using it daily since last 3 or 4 weeks and I needed to charge these only 3 times. You can continuously watch 3 hours long movie on your mobile device with these Earbuds and their battery will still remain 70%. Everytime you put these earbuds in the case they automatically recharge for next use. And its case/box needs to be recharged every 4 or 5 days. RECOMMENDED.",a***a,2024-10-26,31 Oct 2024,True,6,https://www.daraz.pk/products/m10-m90-tws-10-i498839708.html
(Buy 1 Get 1 Free) Super Mini Airpods Wireless Single Headset Mini Business Earbuds Driving Handsfree Earphone with Mic,699.0,5.0,Tayyaba Collection (Lahore),5,prize ke lihaz se theek hai...,muzamilusman635,2026-07-06,08 Jul 2026,True,1,https://www.daraz.pk/products/buy-1-get-1-free-super-mini-airpods-wireless-single-headset-mini-business-earbuds-driving-handsfree-earphone-with-mic-i490853127.html
"TWS M04 Airpods & AirPro Wireless Earbuds with LED Display – ENC Noise Cancellation, HiFi Stereo, Bluetooth 5.3 – Available in Black & White",899.0,3.0,Zimal Collection (Lahore),5,Ap logo by khrab hand free bheji hy min cm portal py complain krny laga hu frood company hy ap ki delivery waly ka nmbr dal raha hu cm portal pr khud hi ap tk ly ayga daily kitny logo ko frod krty hu ya tu Mery pest wow krdo wrna abi complain krra hu,rehan03024710,2026-07-09,12 Jul 2026,True,1,https://www.daraz.pk/products/tws-m04-led-enc-hifi-53-i887693275.html
"TWS Air 31 Airpods Black Sound & High Quality Touch Sensors True Stereo Headphones with Built in Mic 10m Transmission Bluetooth Wireless Earbuds , Charging Case Sport Headset for all Bluetooth Smart devices",1122.0,36.0,TIWANA TEC,5,Comfort:This item is so comfortable for ears. It's sound quality is best.,mohammadwaqas964,2025-04-15,21 Apr 2025,True,2,https://www.daraz.pk/products/tws-31-10-i751147170.html
"Airpods M04 Wireless Bluetooth 5.4 Earbuds – M04 Earbuds with HD Sound, Noise Cancelling Mic, Type-C Fast Charging, Long Battery Life, Waterproof Sports & Gaming Headset, Hi-Fi Stereo Bass,Touch Control,Sweatproof Wireless Earphones for Android & iOS",875.0,8.0,786 Shopping Mall,5,Sound Quality:5/10 Battery Life:7/10 Comfort:3/10 pay for blue color but they sent black color and the product is not as good as i expected sound quality is poor,Minahil Asif,2026-07-12,14 Jul 2026,True,1,https://www.daraz.pk/products/04-54-04-i948011555.html
Air 31 Airpods - Air31 Earbuds Wireless Earbuds - Air 31 Earbuds - Transparent Airpods Air 31 - Transparent Earbuds Air 31 TWS Earbuds - Airbuds - Earpods - Ear Buds Wireless - Bluetooth Earphones - Air buds,899.0,118.0,Sheikh Baba Trader,5,بہت ہی زبردست ہے اس کا اواز بہت اچھا ہے اور چارجنگ میں بھی بہت بہترین ہے زبردست کوالٹی بہترین چیز ہے,محمد ی.,2025-08-22,26 Aug 2025,True,1,https://www.daraz.pk/products/31-31-31-31-31-i729505766.html
All Models Bluetooth Air 31 White Mini bluetooth Double & inpods 31 airpod Wireless Headset For Android & all Phones Wireless Earbuds with Noise Cancelling Microphoned-Color Family: Air 31 Headphones & Headsets&gt;Wireless Earbuds,999.0,1.0,FamilyChoice Mart,2,they aren't working.. I put them in the charger and it's not even charging,Fiza Fida,2026-07-11,15 Jul 2026,True,0,https://www.daraz.pk/products/31-31-31-i1957387643.html
"Earbuds M10 Airpods Wireless Earbuds – True Bluetooth 5.0 Earphones with Noise-Canceling, Long Battery Life, and Built-In Microphone – High-Quality Sound, Sweatproof, Lightweight, and Comfortable In-Ear Headphones for Sports, Gaming, and Hands-Free Calls",748.0,8.0,(The BiG Shop),5,Comfort:very nice Battery Life:good Sound Quality:very nice,Muhammad Arif,2026-04-16,25 Apr 2026,True,3,https://www.daraz.pk/products/m10-50-i622243825.html
Airbud 425 Wireless Earbuds | Quad Mic ENC | 40H Playtime | Gaming Mode Low Latency | IPX4 Water Resistant | Voice Assistant | Bluetooth TWS Earbuds,3399.0,2.0,Dany,5,Comfort:Sound Bhot High hai,Xiddi Hero,2026-08-20,6 days ago,True,1,https://www.daraz.pk/products/425-enc-40-ipx4-tws-i661386279.html
"New Air31 with Pouch Wireless Earbuds Bluetooth 5.3 Transparent Airpods with Deep Bass Hi-Fi Stereo Sound, Bluetooth Headphone with Built-in Mic",1095.0,1.0,SA Galaxy Store,5,Good choice... satisfied sound quality is good same as shown moreover the seller is very cooperative recommended,haiqazia992,2024-09-11,19 Sep 2024,True,0,https://www.daraz.pk/products/31-53-hi-fi-i562433837.html
"Airpro & Air 31 TWS I12 Airpods_ with Super Sound & High Quality Touch Sensors True Stereo Headphones with Built in Mic 10m Transmission Bluetooth Wireless Earbuds , power Case Sport Headset for all Bluetooth Smart devices.",1099.0,81.0,Q Hub,5,Sound Quality:sound quality is very fine. Battery Life:battery life of big battery is 40 hours and airbuds battery is 5 hours Comfort:lt is very comfortable. I am very satisfied with this product,m79434455,2025-03-03,10 Mar 2025,True,1,https://www.daraz.pk/products/31-12-_-10-i264765544.html
"Orignal M19 & M10 & Air31TWS Airpod with Super Sound & High Quality Touch Sensors True Stereo Headphones with Built in Mic 10m Transmission Bluetooth Wireless Earbuds , Charging Case Sport Headset for all Bluetooth Smart devices.",786.0,2.0,Flash card,5,I received the item and it was damaged and not in working condition. It is really regrettable.,Shahid Hamid,2026-06-29,02 Jul 2026,True,0,https://www.daraz.pk/products/orignal-m19-m10-air31tws-airpod-with-super-sound-high-quality-touch-sensors-true-stereo-headphones-with-built-in-mic-10m-transmission-bluetooth-wireless-earbuds-charging-case-sport-headset-for-all-bluetooth-smart-devices-i1961504589.html
"BQ40 Earbuds, BQ40 TWS Wireless Earbuds, BQ40 Stereo Earbuds, BQ40 Stereo True Wireless Earphones, BQ40 Airpods TWS BQ40 True Wireless Bluetooth 5.3 Earbuds Noise Cancelling Earphones Stereo HiFi Sound Sport Headphones Touch Control Game Headsets",1669.0,32.0,TECH CORNER (SMC-PRIVATE) LIMITED,5,very very good quality in a very reasonable rates dil khush hogya hai seriously bilkul wesa hi mila hai mjhe mene apni family me bhi recommend kiya hai dubara bhi order place krungi zarur behtareen product or seller bhi bht coperative thy size k hawaly se bht doubts thy but unhone achy se btaya great customer service. Thanks😊,Ahmed S.,2024-02-12,06 Mar 2024,True,4,https://www.daraz.pk/products/bq40-bq40-53-bq40-53-bq40-tws-i456325489.html
"F9 Mini True Wireless Earbuds, F9 Mini TWS Wireless Earbuds, F9 Mini True Earbuds Airpods, Mini True Earbuds Earphones Bluetooth Stereo in ear Headphones with Mic, F9 Buds IPX7 Waterproof Sport Headset, Noise Cancelling (Power Bank only only for Buds)",1298.0,1.0,simply craft,5,Good sound quality and volume,M***.,2024-07-19,03 Aug 2024,True,0,https://www.daraz.pk/products/f9-f9-tws-f9-f9-ipx7-i527348017.html
Air31 Earbuds Wireless Transparent Bluetooth 5.3 Air 31 Ear buds Wireless Headset Transparent Charging Case Heavy Bass Stereo Earphones Noise Reduction Sports Headset with Microphone Waterproof Headphone LED Digital Display airpods_ by Sellify 365,899.0,365.0,Sellify 365,5,these are really good and worth the price and airbuds have a good quality of sound and timing is great,Mahad A.,2023-12-16,22 Dec 2023,True,2,https://www.daraz.pk/products/31-tws-53-led-365-i421482059.html
M10 TWS Airpods | Bluetooth Wireless Earbuds | Dual Earphones with Mic | Touch Control Sensor Handsfree| Compatible with iPhone & Android.,888.0,12.0,Online Shop 4,5,Thanks Daraz Pakistans No. 1 Shopping Platform 💯,Mahad B.,2024-02-15,20 Feb 2024,True,0,https://www.daraz.pk/products/m10-tws-airpods-bluetooth-wireless-earbuds-dual-earphones-with-mic-touch-control-sensor-handsfree-compatible-with-iphone-android-i278854544.html
Air 39 Earbuds wireless Transparent airpods | Air39 Bluetooth Gaming EARBUDS |LED Display | Super Bass | HD sound Quality | Trendy earphone | Latest Technology | Water Proof | HD Calling | TWS Technology | Sports Headphone,741.0,2.0,Tech Master.07,5,Sound Quality:6/10 Battery Life:3/10 Comfort:8/10 nice quality and comfortable,u***6,2026-03-27,04 Apr 2026,True,2,https://www.daraz.pk/products/39-39-led-hd-hd-tws-i944015288.html
A6S TWS Wireless Headphones Bluetooth earphone Control Sport Headset Waterproof Microphone Hifi Stereo Handsfree Airpods Music Earphone Work On All Smartphone,927.0,2.0,AU-Mall,5,i received my order today when i opened i received a used earphones,taimurtoori,2025-07-25,28 Jul 2025,True,1,https://www.daraz.pk/products/tws-a6s-hifi-i667232838.html
Air 39 Earbuds wireless Transparent airpods | Air39 Bluetooth Gaming EARBUDS |LED Display | Super Bass | HD sound Quality | Trendy earphone | Latest Technology | Water Proof | HD Calling | TWS Technology | Sports Headphone,1097.0,3.0,SM SHUBI,5,Sound Quality:10/10 Battery Life:10/10 Comfort:10/10,Ayan Sheikh,2026-07-12,19 Jul 2026,True,0,https://www.daraz.pk/products/39-39-led-hd-hd-tws-i754495467.html
Air 39 Earbuds - Air 39 Transparent Earbuds - Air 39 Original Earbud - High Quality Sound - Bluetooth V5.3 - Accurate right Left - 100% Original Quality - Super Bass - Super Sound - HD Calling - ENC technology,950.0,15.0,Techifyee-Store,5,Air buds are good. Excellent quality in normal price .. Nice experience 😌 but delivery was too late🤷🏻,****8,2024-08-11,25 Aug 2024,True,3,https://www.daraz.pk/products/39-39-39-53-100-hd-enc-i523333435.html
"Original M10 & M90 TWS Airpods_ with Super Sound & High Quality Touch Sensors True Stereo Headphones with Built in Mic 10m Transmission Bluetooth Wireless Earbuds , Charging Case Sport Headset for all Bluetooth Smart devices.",749.0,1.0,Flash Sale Mall,5,Sound Quality:good Battery Life:100% Comfort:excellent,Hussain Haider,2026-05-23,25 May 2026,True,1,https://www.daraz.pk/products/m10-m90-tws-10-i1950593321.html
"Air 31 Airpods_ with Super Sound & High Quality Touch Sensors True Stereo Headphones with Built in Mic 10m Transmission Bluetooth Wireless Earbuds , Charging Case Spo",699.0,2.0,Haram Collection Lahore,4,That's great air pods i like this soo much i shop again,3***3,2024-07-12,19 Jul 2024,True,0,https://www.daraz.pk/products/31-10-spo-i471287012.html
"Wireless Earbuds – Galaxy Buds 3 Wireless Airpods – Bluetooth 5.3, Touch Controls, HD Mic | Noise Cancelling, Deep Bass, Long Battery Life | For Android & iPhone | Waterproof Sports Earbuds with Charging Case",3199.0,5.0,Tech Bazaar Store,5,Alhumdullilah happy with this experience....packing was with great care.... appreciate and highly recommend.,Beenishh,2026-01-01,24 Jan 2026,True,3,https://www.daraz.pk/products/wireless-earbuds-galaxy-buds-3-wireless-airpods-bluetooth-53-touch-controls-hd-mic-noise-cancelling-deep-bass-long-battery-life-for-android-iphone-waterproof-sports-earbuds-with-charging-case-i927744983.html
F9 TWS Airpods | Wireless Bluetooth 5.0 Earbuds | Dual Earphones with Mic | Deep Bass | iPhone & Android Compatible | Touch Control Handsfree.,935.0,23.0,online shop3,1,Abhi received howa ha bht hi koi low quality ha EK side kharab ha asa na Kia kro khuda ka khoof kro hamara paisa halal ka hota ha 10/0,Monis A.,2024-05-16,18 May 2024,True,1,https://www.daraz.pk/products/f9-tws-airpods-wireless-bluetooth-50-earbuds-dual-earphones-with-mic-deep-bass-iphone-android-compatible-touch-control-handsfree-i197904146.html
"Airpods New Mine Air Pro 3rd Gen TWS (True Wireless Stereo) Bluetooth Earbuds Dual Earphones Headset Airbuds Bluetooth 5.0, High Quality Sound bass(Connect With All Bluetooth Devices).",949.0,1.0,ii accessories,1,Fack store I didn't get the tjig I order it is not working or jab mana wapis karwana chaha to ya wapis bi nahi la raha Fack store 😡,Sadaqat shah,2025-10-20,27 Nov 2025,True,0,https://www.daraz.pk/products/3rd-tws-50-i911077242.html
"M10 & M90 TWS Airpods _ with Super Sound & High Quality Touch Sensors True Stereo Headphones with Built in Mic 10m Transmission Bluetooth Wireless Earbuds , Sport Headset for all Bluetooth Smart devices.",888.0,5.0,HSB,5,Sound Quality:sound quality achi hai...... Battery Life:battery bi achi hai Comfort:Boht achaa product hai,Ahsan C.,2025-05-18,21 May 2025,True,1,https://www.daraz.pk/products/m10-m90-tws-10-i771521113.html
M10 Air buds Wireless Bluetooth EarBuds Stereo Earphones with Power bank Bluetooth Premium Quality Airpods Ear phone Ear Buds Airdots For All Smart Phones,1999.0,1.0,BiG Mall (XV),5,Sound Quality:excellent Battery Life:good Comfort:cool,sohailrajputrajput97,2026-05-24,07 Jun 2026,True,0,https://www.daraz.pk/products/m10-i938687702.html
Original DAMIX M10 Airpods TWS Wireless Headphones Touch Control Bluetooth Ear buds Compatible 5.3 Earphones Wireless Headset Waterproof 9D Hifi Quality Earbuds,699.0,198.0,B & B,5,delivery time bht hi acha hai Jo chez pic mein dekhai Wohi bejhi hai magar box k andhr airport thore lose hain,S***.,2024-08-13,18 Aug 2024,True,2,https://www.daraz.pk/products/tws-m10-51-9d-hifi-i403049584.html
Lenovo Neckband Wireless Bluetooth Earbuds Stereo Earphones bluetooth In-Ear Headphones Airpods Premium Quality,999.0,99.0,House Of Fashion2020,5,it is very good product or long battery save. thanks daraz,S***.,2024-05-27,05 Jun 2024,True,3,https://www.daraz.pk/products/-i473177379.html
WKSHOP Air 31 Transparent Wireless Earbuds Bluetooth 5.3 TWS Earphones HD Bass Stereo Sound ENC Noise Reduction Gaming Handsfree Touch Control Long Battery Life Charging Case Low Latency Compatible with Android iOS Smartphones Music Ear Buds,749.0,354.0,WK.SHOP,3,"i ordered this product in black color and mentioned this separately in chat with seller that i need in black color only and then i got this one in green color 😖 agar product quality wise behter na hoti to me 1 star deta 😠 customer choice ki b koi value hoti hai ya nhi. at least agr balck color available nhi hai to chat me excuse ker le seller. koi barri baat nhi hai, client k pas wapas krne ya accept krne ki option to ho agr wo aware ho k kia chez arhi hai. customer care should be improved 😕",Arsalan N.,2024-07-14,20 Jul 2024,True,2,https://www.daraz.pk/products/wkshop-air-31-transparent-wireless-earbuds-bluetooth-53-tws-earphones-hd-bass-stereo-sound-enc-noise-reduction-gaming-handsfree-touch-control-long-battery-life-charging-case-low-latency-compatible-with-android-ios-smartphones-music-ear-buds-i421702786.html
Air 31 Airpods - Air31 Earbuds Wireless Earbuds - Air 31 Earbuds - Transparent Airpods Air 31 - Transparent Earbuds Air 31 TWS Earbuds - Airbuds - Earpods - Ear Buds Wireless - Air Buds - Bluetooth Earphones,999.0,44.0,Nova Tech House,5,dono clr same bhj diye jbky black mngwaya tha ak.or extra charge kiye thy black k tb b nh bhji data cable ki jga thi box m pr nikli hui thi pehly sy hi or headphones b pehpy sy start thy ap pic m dekh skty h or jo mngwaya jay whi bhja kren Battery Life:battery achi h 2 sy 4 hours chl jti h m review 2 din bd dy rhi,bushra channa,2026-04-30,04 May 2026,True,1,https://www.daraz.pk/products/31-31-31-31-31-i1951273150.html
"Air 31 TWS Airpods_ with Super Sound & High Quality Touch Sensors Transmission Bluetooth Wireless Earbuds True Stereo Headphones with Built in Mic 10m , Charging Case Sport Headset for all Bluetooth Smart devices.-Color Family",699.0,9.0,Bukhari Online Mart.,5,"Pleasantly surprised by the sound quality. Clear audio, comfortable fit, and excellent value for the price. Highly satisfied with this purchase.",h***2,2026-04-24,04 Jun 2026,True,2,https://www.daraz.pk/products/air-31-tws-airpods_-with-super-sound-high-quality-touch-sensors-transmission-bluetooth-wireless-earbuds-true-stereo-headphones-with-built-in-mic-10m-charging-case-sport-headset-for-all-bluetooth-smart-devices-color-family-i473657342.html
"Orignal F9 & M10 & M90 & M19 TWS Airpods with Super Sound & High Quality Touch Sensors True Stereo Headphones with Built in Mic 10m Transmission Bluetooth Wireless Earbuds , Charging Case Sport Headset for all Bluetooth Smart devices.",736.0,14.0,(Zimal Mart Lahore),4,"Comfort:Comfortable for limited use, starts paining after 2 or 3 hours. Battery Life:Average battery life but good 💯 Sound Quality:classic and best sound quality, in competition with zero air pods, highly suggested.🔥",essaopgamer009,2025-04-16,21 Apr 2025,True,2,https://www.daraz.pk/products/f9-m10-m90-m19-tws-10-i432064377.html
"Audionic Airbud 425 Quad Mic, ENC Wireless Earbuds, Gaming Mode Low Latency TWS Earbud With 40 Hours Playtime, IPx4 Water Proof Wireless Earphones With Voice Assistance Bluetooth Ear buds & Headphones - One Year Brand Warranty",4190.0,91.0,US Bachat Bazar,5,bouht zabardast earbuds hen Mashallah sound quality outstanding Hy or calls k liya bouht bahtreen hai,Shoaib A.,2025-10-03,05 Oct 2025,True,4,https://www.daraz.pk/products/audionic-425-search-audionic-earbuds-audionic-speaker-audionic-airbuds-550-audionic-speaker-sound-system-audionic-handsfree-audionic-airbuds-audionic-headphones-audionic-earbuds-745-audionic-audionic-735-airbuds-audionic-airbud-680-audionic-690-i883464782.html
"M10 & M90 TWS Airpods _ with Super Sound & High Quality Touch Sensors True Stereo Headphones with Built in Mic 10m Transmission Bluetooth Wireless Earbuds , Charging Case Sport Headset for all Bluetooth Smart devices",2000.0,6.0,Cambridge seller centre,5,Best in this amount,A***.,2024-06-09,15 Jun 2024,True,1,https://www.daraz.pk/products/m10-m90-tws-10-i501994784.html
Latest TWS Wireless Earbuds – Premium Bluetooth AirPods with Mic & Universal Compatibility,2245.0,1.0,TIWANA TEC,5,bohot bekar Jez ha. show Koch awr karta ha aw bajta Koch awr hai. aw delivery wala bi Sahi location par NAHI pohnchta ha,Abdulwadood,2025-09-23,01 Oct 2025,True,0,https://www.daraz.pk/products/tws-i917359829.html
"NEW TWS M10 Airpods _ with Super Sound & High Quality Touch Sensors True Stereo Headphones with Built in Mic 10m Transmission Bluetooth Wireless Earbuds , Charging Case Sport Headset for all Bluetooth Smart devices.",731.0,11.0,(Jasmin Collection Lahore),5,Nice earbuds bohat achi quality hai ma order karnay se pehly bohat dar raha tha ke kahi kharab na a jeay lakin Alhamdulilah bohat achi quality ke hain sound bhi bohat thek hai Meray dost ko bhi bohat psand aey us ne kaha ke mujhey bhi order krdo to maney ye usi order kiyey they bohat achi quality hai and Thank you so much Daraz ❤️,s***e,2025-05-28,04 Jun 2025,True,6,https://www.daraz.pk/products/new-tws-m10-airpods-_-with-super-sound-high-quality-touch-sensors-true-stereo-headphones-with-built-in-mic-10m-transmission-bluetooth-wireless-earbuds-charging-case-sport-headset-for-all-bluetooth-smart-devices-i752169505.html
Airpro Double and Airpod Wireless Bluetooth Handfree Stereo Earphones White bluetooth ear phone for all cell phones use-Color Family Headphones & Headsets Wireless Earbud,841.0,1.0,HSB,3,Battery Life:bahut jyada jaldi lo ho jaati hai,mianusmanahmed28,2026-08-12,2 weeks ago,True,0,https://www.daraz.pk/products/airpro-double-and-airpod-wireless-bluetooth-handfree-stereo-earphones-white-bluetooth-ear-phone-for-all-cell-phones-use-color-family-headphones-headsets-wireless-earbud-i1958428551.html
Air 31 TWS Earbuds Airpods | Wireless earbuds with charging | Transparent crystal earbuds in different colours | Bluetooth Earbuds,729.0,15.0,(BiG SHOP),5,Bhtt bahtreen ha thanks iam satisfied from it Lag raha tha acha nh hoga but best ha. Thank you ♥️,Shafan S.,2024-07-21,26 Jul 2024,True,2,https://www.daraz.pk/products/tws-m28-50-ipx7-led-2000mah-i479269617.html
Orignal Air 31 TWS Transparent Earbuds Noise Reduction Sports Headset with Microphone Waterproof Headphone LED Digital Display airpods,721.0,13.0,(BiG MART),3,mn na 2 order keya tha seller na ak new send keya or ak already use keya hoya ha or us mn sound ka be issue ha kbe saii kam krta ha or kbe khrab mn black return kr rha hun Sound Quality:white ka sound Quality ache ha but black saii nai ha Battery Life:batty life 2no ke strong g 6 hour ka backup lazm ha,M***.,2024-07-26,02 Aug 2024,True,3,https://www.daraz.pk/products/metal-magnetic-headset-stereo-bass-earbuds-handsfree-with-mic-magnetic-handfree-i127694510.html
Air31 Transparent TWS Wireless Bluetooth Earbuds – AirPods Style Handsfree Earphones with Charging Case,701.0,1.0,Qy-MaLL,5,dont buy...,Sani A.,2025-10-01,12 Oct 2025,True,0,https://www.daraz.pk/products/31-tws-i912369792.html
"Orignal F9 & M10 & M90 & M19 TWS Airpods with Super Sound & High Quality Touch Sensors True Stereo Headphones with Built in Mic 10m Transmission Bluetooth Wireless Earbuds , Charging Case Sport Headset for all Bluetooth Smart devices.",1871.0,3.0,EasyShop®,5,Sound Quality:Amazing sound Battery Life:bs thk hen I think full Of sound sunen tw 2 hours if low sound py sunen tw 4 sy 5 hours nkl sakte hen Comfort:bht hi ache sy fit hwjate hen thanks daraz seller,tarim,2024-09-23,03 Oct 2024,True,0,https://www.daraz.pk/products/f9-m10-m90-m19-tws-10-i580051426.html
"Orignal M10 TWS Airpods with Super Sound & High Quality Touch Sensors True Stereo Headphones with Built in Mic 10m Transmission Bluetooth Wireless Earbuds , Charging Case Sport Headset for all Bluetooth Smart devices.",719.0,6.0,Hania Collection (Lahore),5,Battery Life:is too bad 😭 but other features are more good 😊💯,Zaighum I.,2025-04-14,22 Apr 2025,True,0,https://www.daraz.pk/products/m10-tws-10-i578127154.html
"M10 & M90 TWS Airpods _ with Super Sound & High Quality Touch Sensors True Stereo Headphones with Built in Mic 10m Transmission Bluetooth Wireless Earbuds , Sport Headset for all Bluetooth Smart devices.",841.0,3.0,Z-Store..,4,good good avg,A***H,2026-02-07,03 Mar 2026,True,1,https://www.daraz.pk/products/m10-m90-tws-10-i941745211.html
M10 & M90 TWS Airpods | Super Sound & High-Quality Touch Sensors True Stereo Bluetooth Wireless Earbuds with Built-in Mic | 10m Transmission Sport Headset for All Bluetooth Smart Devices,749.0,23.0,H T Hub,5,Sound Quality:Great 👍🏼 Battery Life:superb Thanku soooo much for sending me genuine product I've been using these for a month and they're great with sound and most important battery life is super se b oper seller was very helpful,Hira A.,2025-01-24,09 Feb 2025,True,1,https://www.daraz.pk/products/m10-m90-tws-10-i590645311.html
"BQ40 Wireless Earbuds - TWS Earbuds - Earbuds True Wireless Headphones Bluetooth V5.3 Stereo Bass Handsfree, Earphones Airpods With Mic & Charging Case 3 to 4 Hours Battery Life - Simple and Extraordinary, Born For Music-Lightweight and Imported",1716.0,30.0,Mobile Accessories Tech,5,I am very happy with the product. Its working well. Thanks daraz.,Kinza,2024-01-26,02 Feb 2024,True,4,https://www.daraz.pk/products/bq40-tws-v53-3-4-i451122931.html
Air31 Earbuds With Free Silicone Pouch and Box Wireless Crystal Transparent Bluetooth 5.3 Air 31 Ear Buds Wireless Headset Airpods,822.0,7.0,Favourite Store 1,5,bhot ashy earbuds hain volume bi bhot asha ha or fast delivery ha thanks daraz 👍❣️,hanif464212,2025-04-28,02 May 2025,True,2,https://www.daraz.pk/products/31-53-31-i697640627.html
EARBUDS AIR 31 AIRPOD WIRELESS EARBUDS WITH CRYSTAL TRANSPARENT CASE WITH TYPE C CHARGING|EARBUDS BLUETOOTH 5.3 | NEW MODEL AIR 31,899.0,31.0,Aoneaccessories,5,very cute earphones the sound quality is also good for the price the battery life is okayish but it gets charged pretty quickly 7/10,3***1,2025-04-27,16 May 2025,True,1,https://www.daraz.pk/products/31-c-53-31-i487805311.html
"Air 31 Airpods & I12_ with Super Sound & High Quality Touch Sensors True Stereo Headphones with Built in Mic 10m Transmission Bluetooth Wireless Earbuds , Charging Case Sport Headset for all Bluetooth Smart devices",699.0,125.0,Haram Collection Lahore,5,"This is a really adorable product, i suggest you buy it 💖 i love it... it shows the battery in between... sound quality is nice.... battery timing is good.... packaging was fine and there is no damage... thanks to the seller for his honesty",Ashrooh E.,2024-03-19,26 Mar 2024,True,3,https://www.daraz.pk/products/31-10-i471285400.html
M10 Air buds Wireless Blue.tooth Ear.Buds Stereo Ear.phones with Power bank Bluetooth Ear. phone Ear .Buds Air.dots Premium Quality For All Smart Phones,609.0,6.0,Tech Treasures..,5,Well its useable sound quality just okay seems like it's used before battery not very great,ammarmir131,2026-01-21,25 Jan 2026,True,1,https://www.daraz.pk/products/m10-i946055513.html
F9 TWS Wireless Earbuds | Bluetooth 5.1 Headset | 9D Stereo Sound Airpods with Mic | Smart LED Display Charging Case,1150.0,1.0,Noori Traders,5,the quality is good👍 and the price is reasonable🙂,rehahmed13,2025-12-13,15 Dec 2025,True,0,https://www.daraz.pk/products/tws-f9-51-9d-led-i934330049.html
"Orignal F9 & M10 & M90 & M19 TWS Airpods with Super Sound & High Quality Touch Sensors True Stereo Headphones with Built in Mic 10m Transmission Bluetooth Wireless Earbuds , Charging Case Sport Headset for all Bluetooth Smart devices.",841.0,2.0,HSB By Temu,5,THE PRODUCT IS VERY NICE SAME AS SHOWN IN PICTURE EVERYTHING IS WORKING PROPERLY THANKS darazz,f***d,2025-01-14,17 Jan 2025,True,6,https://www.daraz.pk/products/f9-m10-m90-m19-tws-10-i651704122.html
SM GENIX Air buds Air39 Transparent Bluetooth TWS Earbuds | Waterproof Wireless Airbuds with Round Drawer Charging Case | LED Display | ENC Noise Reduction | Environmental Touch Control | Sports Headphones | Clear Case Airpods | True Wireless Stereo Earph,899.0,15.0,Arena Hub,5,best product in low prices sound quality is best thanks Daraz for giving route for choosing best products from great Seller,A***i,2025-12-02,14 Dec 2025,True,6,https://www.daraz.pk/products/sm-39-tws-led-i779206437.html
"Air 31 Wireless Earbuds - Bluetooth Earphones, Air Pro, Air Buds, Earpods with Stereo Sound, Touch Controls, and Ergonomic Design",719.0,1.0,Hania Collection (Lahore),5,Sound Quality:best sounds Battery Life:good Comfort:super,zarghamsattar6,2026-06-13,14 Jun 2026,True,0,https://www.daraz.pk/products/31-i1950451151.html
"M10 & M90 TWS Airpods _ with Super Sound & High Quality Touch Sensors True Stereo Headphones with Built in Mic 10m Transmission Bluetooth Wireless Earbuds , Charging Case Sport Headset for all Bluetooth Smart devices.",719.0,1.0,(Hania Collection),5,very good product in such a low price sound quality good battery time excellent comfort excelent highly recommended,waleedghazia,2026-06-06,08 Jun 2026,True,0,https://www.daraz.pk/products/m10-m90-tws-airpods-_-with-super-sound-high-quality-touch-sensors-true-stereo-headphones-with-built-in-mic-10m-transmission-bluetooth-wireless-earbuds-charging-case-sport-headset-for-all-bluetooth-smart-devices-i432062334.html
AIR 31 Airpods Touch Sports Airpods Waterproof V5.3 in-Ear TWS Crystal Transparent True Wireless Earbuds Wireless Bluetooth Earphone Fingerprint Touch Sensor Control Earbuds,697.0,4.0,Pak_Hub,5,buhat achi hai is ki package main mujhe charger nahi received nahi HOA hai mujhe is ka charger de de shukriya,aneesali24134,2025-04-27,29 Apr 2025,True,2,https://www.daraz.pk/products/air31-wireless-earbuds-colourfull-earbuds-in-greenwhitepinkgreenearbuds-best-price-1111-price-i453890193.html
"TWS M10 & M90 Airpods _ with Super Sound & High Quality Touch Sensors True Stereo Headphones with Built in Mic 10m Transmission Bluetooth Wireless Earbuds , Charging Case Sport Headset for all Bluetooth Smart devices.",739.0,36.0,Jasmin Collection,5,Sound Quality:very good quality 🤩🤩🤩🥰🥰🥰 Battery Life:Amazing 🥰🤩🤩🤩🤩 Comfort:level hai bhai🔥🔥 Mashallah Bht achi cheez hai or seller be bht helpful hai mashallah thanks daraz🥰🥰🥰♥️♥️♥️ Delivery be bht fast hai 2 din ma receive ho gia Mera order thanks daraz♥️🥰 I'm very happy♥️🥰,s***r,2025-04-12,18 Apr 2025,True,5,https://www.daraz.pk/products/tws-m10-m90-10-i675814456.html
Air max display airbuds with cable,2150.0,36.0,Anwar Ul Haq Traders,5,Sound Quality:good Battery Life:good Comfort:very comfortable,Islam Uddin,2026-07-27,01 Aug 2026,True,4,https://www.daraz.pk/products/-i892703050.html
"Audionic Aircuffs Open Ear Design Earbuds With Voice Assistance, Dual Device Pairing Airbuds, Fully Touch Control earbuds, Playtime of 50 Hrs, IPX4 Water Resistant, Bluetooth Ear Buds",5499.0,114.0,Audionic,5,"Sound Quality:Average (totally lost it in noisy area like Bus adda or in traffic, and a huge base loss, But the plus point mic works just fine everywhere.. More likely It's a car, room buds). Battery Life:They arrived yesterday I'll update it later Comfort:Obviously they are but For Comfort I'm compromising sound battery(maybe). So I have a reason for choosing these buds. My left ear was damaged I don't know how and my doctor strictly advises me not to use earbuds handfree etc. So basically I needed something like this but if you want to enjoy music and stuff these buds are not for you or if you have a condition like its good One More Thing Touch features are PATHETIC.. Why the f.. I hold my finger for 3 second to change a song.. pause/play 3 taps I mean Common🥲 But I can manage.",3***3,2025-11-18,22 Nov 2025,True,1,https://www.daraz.pk/products/50-ipx4-i878183683.html
"M10 True Wireless Earbuds Airpods M10 Air buds : Bluetooth with Noise-Cancelling, Long Battery Life & Touch Control - Perfect for Sports & Gaming",729.0,36.0,Online Order,4,"Recieved these on time. Havent used them yet. Although I tested them and the volume range was a bit low for me. They look nice, hopefully they wont break from this glued part. 4/5",A E.,2021-12-13,16 Dec 2021,True,4,https://www.daraz.pk/products/m10-m10-i241847998.html
"Air 31 TWS AirPods | Transparent Air 31 Earbuds with Super Sound, High Quality Touch Sensors, and True Stereo | Bluetooth Wireless Headset with Charging Case for All Devices",1099.0,36.0,Techtick,5,seller was very coperative the product was same as the pic and its durable this is recomended sound was also good,Moeez K.,2024-08-19,22 Aug 2024,True,2,https://www.daraz.pk/products/31-i535119267.html
F9 TWS Wireless Earbuds|F9-5 Wireless Headset Bluetooth 5.1 Earphones Airpods in-ear Headphones Handsfree Airbuds Stereo 9D with 2000mAh Smart LED Display Charging Case,1298.0,2.0,MobilMart,5,Sound Quality:good A good ear pods package was well packed by the seller Battery Life:still to check Comfort:ok,0***8,2025-11-11,16 Nov 2025,True,2,https://www.daraz.pk/products/tws-f9-f9-5-51-9d-2000mah-led-i443534377.html
M10 Earbuds / M10 TWS Wireless Bluetooth Headphones 5.1 Earphone Bluetooth 3500mAh Charging Box 9D Stereo Sports Waterproof Earbuds Headsets With Microphone / M10 Earbuds Airpods,935.0,107.0,Mobile Accessories Tech,5,Sound Quality:good Battery Life:good boht acha product ha i like it,N***.,2024-11-08,15 Nov 2024,True,3,https://www.daraz.pk/products/m10-tws-m10-51-mah-9d-m10-i390829530.html
Air31 Wireless Airpods Headphones LED Power Digital Display Stereo Sound Bluetooth-compatible 5.3 Transparent Earphones for Sports Working,935.0,36.0,HSB,1,very bad quality aisy lagta hy ky used bhaij diye hyn Bluetooth bhi mushkil se connect hota hy😑,Sawera,2025-04-25,30 Apr 2025,True,4,https://www.daraz.pk/products/31-led-53-i751127226.html
M90 & M10 & X10 & X12 Wireless Bluetooth Earphone Headphones Call Sport Headset 5.3 Airpods With Charging Bin Display Touch Control Earbuds With Power bank for New Generation Music,1299.0,6.0,Pro Tech Store,5,Comfort:good Battery Life:good Sound Quality:very good,A***.,2024-07-15,04 Aug 2024,True,0,https://www.daraz.pk/products/m90-m10-x10-x12-53-i438714569.html
"M10 True Wireless Earbuds Airpods M10 Air buds : Bluetooth with Noise-Cancelling, Long Battery Life & Touch Control - Perfect for Sports & Gaming",999.0,36.0,OkMall®,5,Sound Quality:new mangway they istmal shuda bejay Hain.. or charger b khrab hai.. aisay na kia kro Bhai Jan or mujhy iska riplesmint chahiye,a***1,2024-12-01,06 Dec 2024,True,2,https://www.daraz.pk/products/m10-m10-i595565614.html
Best High Quality Earbuds Air31 Wireless Crystal Transparent Bluetooth 5.3 Air 31 Ear Buds Wireless Headset,689.0,36.0,Bigbest Daraz Choice.Selection,5,Nice recommend,Bilal Asfand,2026-06-07,10 Jun 2026,True,0,https://www.daraz.pk/products/best-high-quality-earbuds-air31-wireless-crystal-transparent-bluetooth-53-air-31-ear-buds-wireless-headset-i1953619377.html
"Orignal F9 & M10 & M90 & M19 TWS Airpods with Super Sound & High Quality Touch Sensors True Stereo Headphones with Built in Mic 10m Transmission Bluetooth Wireless Earbuds , Charging Case Sport Headset for all Bluetooth Smart devices.",736.0,36.0,Haram Collection Lahore,5,b Battery Life:great time,shanikhan771994666,2024-12-09,22 Dec 2024,True,0,https://www.daraz.pk/products/f9-m10-m90-m19-tws-10-i471477034.html
EARBUDS AIR 31 AIRPODS WIRELESS EARBUDS WITH CRYSTAL TRANSPARENT CASE WITH TYPE C CHARGING|EARBUDS BLUETOOTH 5.3 | NEW MODEL AIR 31EARBUDS AIR 31 AIRPODS WIRELESS EARBUDS WITH CRYSTAL TRANSPARENT CASE WITH TYPE C CHARGING|EARBUDS BLUETOOTH 5.3 | NEW MODEL,726.0,36.0,BIG SHOP,5,ok ok...not good for calls... overall usable,0***8,2025-02-17,08 Mar 2025,True,0,https://www.daraz.pk/products/31-c-53-31-31-c-53-i618285938.html
"TWS Air 31 AirPods Best Wireless Earbuds with Microphone & Type-C Charging Bluetooth 5.3 with Noise-Cancelling & Crystal Case Sport-Friendly, Waterproof & Affordable",721.0,36.0,(Hania Collection Lahore),5,kharab chiz di hai awaz to a nai rhi dokha hogaya hai pese zaya hogaye mere pese wapas hone chaiye ya ASE seller ko draz par nai Hona chaiye,a***7,2025-11-04,07 Nov 2025,True,1,https://www.daraz.pk/products/tws-air-31-airpods-best-wireless-earbuds-with-microphone-type-c-charging-bluetooth-53-with-noise-cancelling-crystal-case-sport-friendly-waterproof-affordable-i638744699.html
Earbuds - Air 31 Airpods Wireless Earbuds With Crystal Transparent Case With Type C Charging - Airpods Bluetooth 5.3 - NewModel Air 31Earpods Wireless Earbuds With Crystal Transparent Case With Type C Charging - LED Display,2999.0,36.0,Cook Smart,5,The airpods arrived on time.Found on great price on daraz and it's sound is very clear and very nice charging compartment timer on it.main NY phly bhe order ky but this is nice one Thank u seller,Third-Party-User,2026-01-05,10 Jan 2026,True,0,https://www.daraz.pk/products/31-53-31-i925307938.html
"New TWS Air 31 Airpods_handfree headphone with Super Sound & High Quality Touch Sensors Charging Case Sport Headset for all Bluetooth Smart devices True Stereo Headphones with Built in Mic 10m Transmission Bluetooth Wireless Earbuds ,.-Color Family:White",841.0,36.0,EasyShop®,5,Battery Life:bad Sound Quality:not bad,ameer H.,2024-12-24,02 Jan 2025,True,0,https://www.daraz.pk/products/tws-31-10-i580056319.html
Air39 TWS Airpods | Bluetooth Wireless Earbuds | Dual Earphones with Mic | Touch Control Sensor Handsfree| Compatible with iPhone & Android,1299.0,36.0,Online Shop 4,5,I got this product before the time given by daraz. And product is very amazaing and according my expectataion. Thank you so much seller. I will order you again and suggest to others to buy from this store. This seller is honest and trustworthy. Overall product is very satisfactory and amazing with good quality. Ye seller bht emandar or acha hai...product achi bheji or time py mujy parcel mil gya. Thank you seller....next time mai idr sy e purchase kronga aur apny friends ko b suggest kronga k is store sy chezen buy karien.,Customer,2021-10-09,22 Oct 2021,True,6,https://www.daraz.pk/products/air39-tws-airpods-bluetooth-wireless-earbuds-dual-earphones-with-mic-touch-control-sensor-handsfree-compatible-with-iphone-android-i218724874.html
ORGINAL M10 Wireless Bluetooth Earbuds with Super Sound & High-Quality Touch Sensors - WaterProof Earbud V5.3 9D Hifi Quality - Supported Airpods and Mobile Charging as High Power Bank Supported | Latest Model 2024,999.0,2024.0,FineElectronics,5,Good quality and excellent item. There is no difference or deception. Thanks to the seller and daraz for providing a good product at a reasonable price Sound Quality:good Battery Life:good Comfort:good,Shah Z.,2024-08-11,17 Aug 2024,True,2,https://www.daraz.pk/products/m10-v53-9d-hifi-67-2024-i494298965.html
"TWS Air31 Earbuds Black Airpods_ with Super Sound & High Quality Touch Sensors True Stereo Headphones with Built in Mic 10m Transmission Bluetooth Wireless Earbuds , Charging Case Sport Headset for all Bluetooth Smart devices.-Color Family:",721.0,36.0,AS online Store (Lahore),5,Sound Quality:good Battery Life:average Comfort:very nice same as shown timely delivered satisfied 🙌🏻✨ Totally Satisfied with the Quality of product in this price range. Good Sound quality. Good battery time. Honest Seller. Recommended. Thanks!..daraaz I am happy 😁😊😁😁😁😁😁😁😁😁😁😁 good product 💯❤️❤️❤️ inshallah ❤️ following daraz ❤️😍😍😍❤️❤️❤️❤️❤️❤️❤️❤️..,d***e,2025-04-14,21 Apr 2025,True,5,https://www.daraz.pk/products/tws-31-10-i756174009.html
M10 Airpods _ with Super Sound & High Quality Touch Sensors,848.0,36.0,Ahmedshop,5,Sound Quality:10 Battery Life:10 Comfort:10 Bhot Achi Cheez ai hy,0***2,2024-12-20,24 Dec 2024,True,2,https://www.daraz.pk/products/m10-_-i610449921.html
All Models Bluetooth Air 31 White Mini bluetooth Double & inpods 31 airpod Wireless Headset For Android & all Phones Wireless Earbuds with Noise Cancelling Microphoned-Color Family: Air 31 Headphones & Headsets&gt;Wireless Earbuds,654.0,36.0,AU-Mall,5,sound wghaira to theak hy Lekin battery timing bahot hi bekaar hy,0***1,2026-06-13,23 Jun 2026,True,0,https://www.daraz.pk/products/all-models-bluetooth-air-31-white-mini-bluetooth-double-inpods-31-airpod-wireless-headset-for-android-all-phones-wireless-earbuds-with-noise-cancelling-microphoned-color-family-air-31-headphones-headsetswireless-earbuds-i1958446209.html
TWS M10 Wireless Airpods Earbuds Bluetooth 5.3 TWS 3500mAh Power Bank Charging Box in Ear Earphones True Stereo Gaming Sports HiFi Headphones Headsets Microphone Airdots Premium Deep Bass Sound Clear Cal,729.0,36.0,AS SHOP 1581614841,5,good but sound quality is slow,honneykhan94,2026-03-28,01 Apr 2026,True,0,https://www.daraz.pk/products/tws-m10-wireless-airpods-earbuds-bluetooth-53-tws-3500mah-power-bank-charging-box-in-ear-earphones-true-stereo-gaming-sports-hifi-headphones-headsets-microphone-airdots-premium-deep-bass-sound-clear-cal-i574027892.html
"New Airpods _ with Super Sound & High Quality Touch Sensors True Stereo Headphones with Built in Mic 10m Transmission Bluetooth Wireless Earbuds , Charging Case Sport Headset for all Bluetooth Smart devices. Headsets&gt;Wireless Earbuds-Color Family:Black",721.0,3.0,(Jasmin Collection Lahore),5,"I Love the Quality which I got-in this price is the best😍🥰🥰🥰 It is my very first experience using this product. As the sound of both the sides are perfect, super loud and equal.If we talk about usage so it takes almost a max of an hour to fully charge and after that I could use it for 4-5 hrs non stop I’m Completely satisfied with everything",I***.,2024-04-06,16 Apr 2024,True,6,https://www.daraz.pk/products/new-airpods-_-with-super-sound-high-quality-touch-sensors-true-stereo-headphones-with-built-in-mic-10m-transmission-bluetooth-wireless-earbuds-charging-case-sport-headset-for-all-bluetooth-smart-devices-headsetswireless-earbuds-color-familyblack-i478932008.html
"Air31 Airpods_ TWS with Super Sound & High Quality Touch Sensors True Stereo Headphones with Built in Mic 10m Transmission Bluetooth Wireless Earbuds , Chargng Case Sport Headset for all Bluetooth Smart devices",729.0,36.0,as online mart,5,"Sound Quality:good Battery Life:good Comfort:good Really satisfied good sound quality, good battery backup. its my third day using them, I think I used for about 12 hours in these 3 days and the power bank battery is at 82% yet. so I am satisfied. Really satisfied good sound quality, good battery backup. its my third day using them, I think I used for about 12 hours in these 3 days and the power bank battery is at 82% yet. so I am satisfied. Really satisfied good sound quality, good battery backup. its my third day using them, I think I used for about 12 hours in these 3 days and the power bank battery is at 82% yet. so I am satisfied.",s***f,2025-04-15,19 Apr 2025,True,6,https://www.daraz.pk/products/tws-31-10-i761393595.html
Air 31Earbuds Airpods Wireless Bluetooth Earbuds Headset airpods handfree earbuds airdots Hanging Ear Color Family Headphones & Headsets Wireless Earbuds,719.0,36.0,Zimal Collection (Lahore),5,"Sound Quality:ماشاءاللہ بہت ہی زبردست ساؤنڈ ہے، Battery Life:بیٹری ٹائمنگ کمال کی ہے Comfort:بڑی سموتھ سی آواز ہے اس کی۔ یقین نہیں آ رہا کہ اتنی کم قیمت پر اتنی زبردست چیز ملے گی۔ شکریہ "" دراز""",f***r,2025-04-09,15 Apr 2025,True,6,https://www.daraz.pk/products/air-31earbuds-airpods-wireless-bluetooth-earbuds-headset-airpods-handfree-earbuds-airdots-hanging-ear-color-family-headphones-headsets-wireless-earbuds-i751585870.html
Air31 Earbuds With Free Silicone Pouch and Box Wireless Crystal Transparent Bluetooth 5.3 Air 31 Ear Buds Wireless Headset Airpods,729.0,36.0,Online Order,4,"delivered within time, it was as ordered, packet was sealed battery time 2 to 2.30 hours. Satisfied",Abdul S.,2020-01-12,04 Apr 2020,True,3,https://www.daraz.pk/products/31-53-31-i130104103.html
Air 31 Transparent Wireless Stereo Earbuds Bluetooth V5.3 Air 31 Earpods,999.0,36.0,Hamdan Enterprisese,5,I like them and sound is good Quality is also good and delivery also was at time 👍🏻😊🌸🌷. Thanks saler thanks daraz 🥰😘,Kamran U.,2024-07-21,23 Jul 2024,True,0,https://www.daraz.pk/products/31-v53-31-i490555342.html
All Models Bluetooth Air 31 Green Mini bluetooth Double & inpods 31 airpod Wireless Headset For Android & all Phones Wireless Earbuds with Noise Cancelling Microphoned-Color Family: Air 31,719.0,31.0,Jasmin Collection,5,nice and good,aijazparveen,2025-03-31,08 Apr 2025,True,0,https://www.daraz.pk/products/31-31-31-i479664067.html
M10 & M90 TWS Airpods | Super Sound & High-Quality Touch Sensors True Stereo Bluetooth Wireless Earbuds with Built-in Mic | 10m Transmission Sport Headset for All Bluetooth Smart Devices,799.0,36.0,Snoobar Malls,1,"fake ,Ultra poor quality product don't waste your money you would have a regret after to buy this",d***n,2025-06-16,30 Jun 2025,True,0,https://www.daraz.pk/products/m10-m90-tws-10-i623071034.html
"AirPods Pro Wireless Earbuds Air 31 Pro with woofer Bluetooth 5.0, Super Sound Base & High Quality Touch Sensors True Stereo Bluetooth Earbuds Dual Earphones Charging Case Sport Headset Compatible with All Bluetooth Devices.",888.0,1.0,Tayyaba Collection (Lahore),5,Sound Quality:A-1 Battery Life:bhut bikar timing hai Jo mujhy receive hua hai Comfort:beautiful color thank u 😁,Osama Y.,2024-10-03,08 Oct 2024,True,1,https://www.daraz.pk/products/airpods-pro-wireless-earbuds-air-31-pro-with-woofer-bluetooth-50-super-sound-base-high-quality-touch-sensors-true-stereo-bluetooth-earbuds-dual-earphones-charging-case-sport-headset-compatible-with-all-bluetooth-devices-i471475373.html
"Airpods_ with Super Sound & TWS Air31 High Quality Touch Sensors True Stereo Headphones with Built in Mic 10m Transmission Bluetooth Wireless Earbuds , power Case Sport Headset for all Bluetooth Smart devices.",721.0,36.0,Hania Collection (Lahore),5,very good quility Battery Life:Is too good Comfort:comfertable Sound Quality:Sound quility nice Totally Satisfied with the Quality of product in this price range. Good Sound quality. Good battery time. Honest Seller. Recommended. Thanks!..daraaz I am happy 😁😊😁😁😁😁😁😁😁😁😁😁 good product 💯❤️❤️❤️ inshallah ❤️ following daraz ❤️😍😍😍❤️❤️❤️❤️❤️❤️❤️❤️.. ☺️🤩❤️ VERY NICE BUHUT AMAZING QUALITY HAI OR CASE BHI BUHUT ACHI QUALITY KA HAI I LOVE IT THANK YOU DARAZ MAI RECOMMEND KARTHA HO ISKO LENA CHAHIYE 🤩🥰💯,d***e,2025-04-14,21 Apr 2025,True,6,https://www.daraz.pk/products/tws-31-10-i756163432.html
"TWS Air pro Black Air pod_ with Super Sound & High Quality Touch Sensors True Stereo Headphones with Built in Mic 10m Transmission Bluetooth Wireless Earbuds , power Case Sport Headset for all Bluetooth Smart devices | Best for calling High quality Mic",789.0,11.0,Cano collection,5,Sound Quality: excellent Battery Life: good Comfort: good The best things is bass is very good,Umair,2026-08-20,1 week ago,True,1,https://www.daraz.pk/products/_-10-i1965762603.html
"TWS Air pro Black Air pod_ with Super Sound & High Quality Touch Sensors True Stereo Headphones with Built in Mic 10m Transmission Bluetooth Wireless Earbuds , power Case Sport Headset for all Bluetooth Smart devices | Best for calling High quality Mic",789.0,11.0,Cano collection,5,Sound Quality:good product highly recommended 💯 💯 💯 good product شکریہ دراز میں نے پہلی بار آرڈر کیا تھا اور ماشاہ اللہ بہت ہی اچھا رہا,alikhanali121290,2026-08-21,1 week ago,True,2,https://www.daraz.pk/products/_-10-i1965762603.html
"TWS Air pro Black Air pod_ with Super Sound & High Quality Touch Sensors True Stereo Headphones with Built in Mic 10m Transmission Bluetooth Wireless Earbuds , power Case Sport Headset for all Bluetooth Smart devices | Best for calling High quality Mic",789.0,11.0,Cano collection,5,Good quality airbuds sound quality is good battery timing is 3 hours in continue use i demand full white with no logo seller send as it is what i demand so I am satisfied seller is responsive deliverd on time trusted seller Recommended.,D***r,2026-08-12,2 weeks ago,True,3,https://www.daraz.pk/products/_-10-i1965762603.html
"TWS Air pro Black Air pod_ with Super Sound & High Quality Touch Sensors True Stereo Headphones with Built in Mic 10m Transmission Bluetooth Wireless Earbuds , power Case Sport Headset for all Bluetooth Smart devices | Best for calling High quality Mic",789.0,11.0,Cano collection,5,MashaAllah Zabardast Products hai Seller bhi Kmal ka ha Fast delivery 🚚 Thanks Drazz Mashallah ❤️ VIP product hai jo chij maine mangvaee hai vahi hai aur acchi quality hai ❤️ thanks 😊 ek baat aur ISI Tarah Apne acchi chij di to hamara etbar ap per bahut jyada ho jaega pir hum daraz sy hi shopping Kiya karenge okay,D***r,2026-08-12,2 weeks ago,True,2,https://www.daraz.pk/products/_-10-i1965762603.html
"TWS Air pro Black Air pod_ with Super Sound & High Quality Touch Sensors True Stereo Headphones with Built in Mic 10m Transmission Bluetooth Wireless Earbuds , power Case Sport Headset for all Bluetooth Smart devices | Best for calling High quality Mic",789.0,11.0,Cano collection,5,nihhsgsneybsistjsjsthwnsisfsnuagsnysgsjsus,Mueen rb,2026-08-24,1 day ago,True,1,https://www.daraz.pk/products/_-10-i1965762603.html
"TWS Air pro Black Air pod_ with Super Sound & High Quality Touch Sensors True Stereo Headphones with Built in Mic 10m Transmission Bluetooth Wireless Earbuds , power Case Sport Headset for all Bluetooth Smart devices | Best for calling High quality Mic",789.0,11.0,Cano collection,5,mera buht bora experience hoa ha iski battery life bilkul ni achi ha sara din charge py lagao or tb bhi 90 hoti or jb use kro tu 1 ghnty bad bettery low ho jati very bad product ma isko wapis krna chahti pr kesy kron Sound Quality:50 Battery Life:10 Comfort:80,mahnoorarifsaeed786,2026-08-23,4 days ago,True,0,https://www.daraz.pk/products/_-10-i1965762603.html
"TWS Air pro Black Air pod_ with Super Sound & High Quality Touch Sensors True Stereo Headphones with Built in Mic 10m Transmission Bluetooth Wireless Earbuds , power Case Sport Headset for all Bluetooth Smart devices | Best for calling High quality Mic",789.0,11.0,Cano collection,5,good product,Daraz Guest,2026-08-29,1 day ago,True,0,https://www.daraz.pk/products/_-10-i1965762603.html
"TWS Air pro Black Air pod_ with Super Sound & High Quality Touch Sensors True Stereo Headphones with Built in Mic 10m Transmission Bluetooth Wireless Earbuds , power Case Sport Headset for all Bluetooth Smart devices | Best for calling High quality Mic",789.0,11.0,Cano collection,4,this is good,0***4,2026-08-19,1 week ago,True,0,https://www.daraz.pk/products/_-10-i1965762603.html
"TWS Air pro Black Air pod_ with Super Sound & High Quality Touch Sensors True Stereo Headphones with Built in Mic 10m Transmission Bluetooth Wireless Earbuds , power Case Sport Headset for all Bluetooth Smart devices | Best for calling High quality Mic",789.0,11.0,Cano collection,2,"Sound Quality:7/10 Battery Life:2/10 Comfort:5/10 at such price build Quality is too low , not recommend at such price",b***6,2026-08-31,5 hours ago,True,0,https://www.daraz.pk/products/_-10-i1965762603.html
Wireless Earbuds Headphones Bluetooth Earpods Sports Stereo Airbuds Noise Canceling Headphone Microphone Speaker with LED light headphones,323.0,187.0,AS SHOP 1581614841,5,omg the quality is very amazing I am very happy to receive the parcel because the earbuds are very amazing I suggest you to order this earbuds Sound Quality:excellent Battery Life:good Comfort:💯,A***A,2026-07-25,03 Aug 2026,True,4,https://www.daraz.pk/products/-i1964603364.html
Wireless Earbuds Headphones Bluetooth Earpods Sports Stereo Airbuds Noise Canceling Headphone Microphone Speaker with LED light headphones,323.0,187.0,AS SHOP 1581614841,5,I received with in 3 days really fast turned on Sound Quality:good Battery Life:after use Comfort:good,Abid Khan,2026-08-08,3 weeks ago,True,1,https://www.daraz.pk/products/-i1964603364.html
Wireless Earbuds Headphones Bluetooth Earpods Sports Stereo Airbuds Noise Canceling Headphone Microphone Speaker with LED light headphones,323.0,187.0,AS SHOP 1581614841,5,Sound Quality:best sound quality Battery Life:fantastic 3-5 hurse Comfort:very nice ya air pords Jo mujay milay bohat hi achay ha and mujay bohat hi munasib rate par milay ha ap ma sa Jo bi buy karna cahtay ho karlo our mujay mara oder bohat hi Kam time ma gar tak pohnch gaya,z***9,2026-08-15,2 weeks ago,True,1,https://www.daraz.pk/products/-i1964603364.html
Wireless Earbuds Headphones Bluetooth Earpods Sports Stereo Airbuds Noise Canceling Headphone Microphone Speaker with LED light headphones,323.0,187.0,AS SHOP 1581614841,5,"The earbuds are really good. The sound quality is great, and the overall quality is also very nice. I’m satisfied with the product. However, it would have been even better if the earbuds came with proper box packaging. Better packaging would make the product feel more premium and secure. Overall, a good product and worth it.",mahima.sk930,2026-08-09,3 weeks ago,True,2,https://www.daraz.pk/products/-i1964603364.html
Wireless Earbuds Headphones Bluetooth Earpods Sports Stereo Airbuds Noise Canceling Headphone Microphone Speaker with LED light headphones,323.0,187.0,AS SHOP 1581614841,5,Sound Quality:best quality ❤️👌 Battery Life:good. I love it Comfort:Kamal hein look was also classic. Is price mein sound aur look dono. Cheezin best hy. Satisfied thanks daraz. If you need it choose this store. My best experience ever on daraz 👌,a***l,2026-08-13,1 week ago,True,2,https://www.daraz.pk/products/-i1964603364.html
Wireless Earbuds Headphones Bluetooth Earpods Sports Stereo Airbuds Noise Canceling Headphone Microphone Speaker with LED light headphones,323.0,187.0,AS SHOP 1581614841,5,میں نے بلیک آرڈر کیا تھا وائٹ بھیج دیا اور چارجر بھی ساتھ نہیں تھا ، لیکن اگر چیز کی بات کروں تو نارمل ہے ان پیسوں میں سہی ہے گزارا ہوگا,Laeeque,2026-08-17,1 day ago,True,1,https://www.daraz.pk/products/-i1964603364.html
Wireless Earbuds Headphones Bluetooth Earpods Sports Stereo Airbuds Noise Canceling Headphone Microphone Speaker with LED light headphones,323.0,187.0,AS SHOP 1581614841,5,This is very good product but is ma charging cable nahi thi lakin ya type C ma ha is laya koi zurat bhi nahi ha . But one thing ya q in ki paking achi nahi thi in ko koi box ma pack kar na chaya tha . Many blue color order Kya tha laikin aya black ha . Delivery is very fast within 4 days Sound Quality:good Battery Life:good Comfort:good,muneebkhudabuksh,2026-08-17,1 week ago,True,4,https://www.daraz.pk/products/-i1964603364.html
Wireless Earbuds Headphones Bluetooth Earpods Sports Stereo Airbuds Noise Canceling Headphone Microphone Speaker with LED light headphones,323.0,187.0,AS SHOP 1581614841,5,very bad experience it's not working there was no box only earbuds deliver you can see the attached pic how it delivers.,D***n,2026-08-09,3 weeks ago,True,2,https://www.daraz.pk/products/-i1964603364.html
Wireless Earbuds Headphones Bluetooth Earpods Sports Stereo Airbuds Noise Canceling Headphone Microphone Speaker with LED light headphones,323.0,187.0,AS SHOP 1581614841,5,Sound Quality:10/10 Battery Life:10/10 Comfort:10/10 Bohot acha hy is price range ma or kya hi chaiya bohot achay hian,ta095408,2026-08-01,3 weeks ago,True,1,https://www.daraz.pk/products/-i1964603364.html
"Airbuds, Earbuds, Wireless Earbuds, Bluetooth Earbuds, TWS Earbuds, Airbuds Bluetooth Earphones, Wireless Earphones, Touch Control, HD Sound, Deep Bass, ENC Noise Cancellation, Gaming Earbuds, LED Display, Long Battery",324.0,16.0,AS SHOP 1581614841,5,Sound Quality:best quality ❤️👌 Battery Life:good. I love it Comfort:Kamal hein look was also classic. Is price mein sound aur look dono. Cheezin best hy. Satisfied thanks daraz. If you need it choose this store. My best experience ever on daraz 👌,a***l,2026-08-13,1 week ago,True,2,https://www.daraz.pk/products/tws-hd-enc-led-i1965689421.html
"Airbuds, Earbuds, Wireless Earbuds, Bluetooth Earbuds, TWS Earbuds, Airbuds Bluetooth Earphones, Wireless Earphones, Touch Control, HD Sound, Deep Bass, ENC Noise Cancellation, Gaming Earbuds, LED Display, Long Battery",324.0,16.0,AS SHOP 1581614841,5,Jo mngwaya tha wo nhi ayaa or jb seller se chat pr bat kri tw ke rha h k aap ko Jo dia h wo istimaal kre ziada best h ary Jo mngwaya h wo q nhi Bheja bhaiii,Išřåř Ķhăñ,2026-08-28,1 day ago,True,3,https://www.daraz.pk/products/tws-hd-enc-led-i1965689421.html
"Airbuds, Earbuds, Wireless Earbuds, Bluetooth Earbuds, TWS Earbuds, Airbuds Bluetooth Earphones, Wireless Earphones, Touch Control, HD Sound, Deep Bass, ENC Noise Cancellation, Gaming Earbuds, LED Display, Long Battery",324.0,16.0,AS SHOP 1581614841,5,Very good quality .It is same as shown in the pic .Sound quality is very amazing and delivery is also very impressive. I suggested you to purchase products from the seller,a***l,2026-08-13,1 week ago,True,5,https://www.daraz.pk/products/tws-hd-enc-led-i1965689421.html
"Airbuds, Earbuds, Wireless Earbuds, Bluetooth Earbuds, TWS Earbuds, Airbuds Bluetooth Earphones, Wireless Earphones, Touch Control, HD Sound, Deep Bass, ENC Noise Cancellation, Gaming Earbuds, LED Display, Long Battery",324.0,16.0,AS SHOP 1581614841,5,not good quality no weight but sound quality is 6/10. And Battery Life is short and. about comfort I rate 6.5/10,jk7991576,2026-08-14,2 weeks ago,True,1,https://www.daraz.pk/products/tws-hd-enc-led-i1965689421.html
"Airbuds, Earbuds, Wireless Earbuds, Bluetooth Earbuds, TWS Earbuds, Airbuds Bluetooth Earphones, Wireless Earphones, Touch Control, HD Sound, Deep Bass, ENC Noise Cancellation, Gaming Earbuds, LED Display, Long Battery",324.0,16.0,AS SHOP 1581614841,5,Sound Quality:excllent Battery Life:V good Comfort:nice everything is too good even deliverer,a***l,2026-08-13,1 week ago,True,2,https://www.daraz.pk/products/tws-hd-enc-led-i1965689421.html
"Airbuds, Earbuds, Wireless Earbuds, Bluetooth Earbuds, TWS Earbuds, Airbuds Bluetooth Earphones, Wireless Earphones, Touch Control, HD Sound, Deep Bass, ENC Noise Cancellation, Gaming Earbuds, LED Display, Long Battery",324.0,16.0,AS SHOP 1581614841,5,good kamaal trusted seller ❤️ Sound Quality:10 Battery Life:9 Comfort:10,Bunty,2026-08-27,4 days ago,True,1,https://www.daraz.pk/products/tws-hd-enc-led-i1965689421.html
"Airbuds, Earbuds, Wireless Earbuds, Bluetooth Earbuds, TWS Earbuds, Airbuds Bluetooth Earphones, Wireless Earphones, Touch Control, HD Sound, Deep Bass, ENC Noise Cancellation, Gaming Earbuds, LED Display, Long Battery",324.0,16.0,AS SHOP 1581614841,5,Sound Quality:good Battery Life:normal Comfort:good,SHAHZAIB,2026-08-12,3 weeks ago,True,1,https://www.daraz.pk/products/tws-hd-enc-led-i1965689421.html
"Airbuds, Earbuds, Wireless Earbuds, Bluetooth Earbuds, TWS Earbuds, Airbuds Bluetooth Earphones, Wireless Earphones, Touch Control, HD Sound, Deep Bass, ENC Noise Cancellation, Gaming Earbuds, LED Display, Long Battery",324.0,16.0,AS SHOP 1581614841,5,100 percent fraud 🤥 used ma Hoti hai kam nai karti hai use karta hai ager product kharab ho jaya to ider sell kar deta hai,S***i,2026-08-30,8 hours ago,True,0,https://www.daraz.pk/products/tws-hd-enc-led-i1965689421.html
"Airbuds, Earbuds, Wireless Earbuds, Bluetooth Earbuds, TWS Earbuds, Airbuds Bluetooth Earphones, Wireless Earphones, Touch Control, HD Sound, Deep Bass, ENC Noise Cancellation, Gaming Earbuds, LED Display, Long Battery",324.0,16.0,AS SHOP 1581614841,5,intahi gutya choura tha koi Kam ka nahi,a***7,2026-08-29,1 day ago,True,0,https://www.daraz.pk/products/tws-hd-enc-led-i1965689421.html
Original M10 & M90 TWS AIRPODS Wireless Earphones Touch Control 5.1 with power bank charger Headset Waterproof 9D Hifi Quality Earbuds 2000mAh Stereo Sports Headphones With Microphone,719.0,85.0,(Hania Collection Lahore),4,Sound Quality:bhttt zabr10 quality h sound BH kafi Acha h airpods Ka bs box NH Diya sth me Baki airpods bhtt hi ache thy.. 😊,insharahshamsi8,2026-08-24,3 days ago,True,2,https://www.daraz.pk/products/original-m10-m90-tws-airpods-wireless-earphones-touch-control-51-with-power-bank-charger-headset-waterproof-9d-hifi-quality-earbuds-2000mah-stereo-sports-headphones-with-microphone-i433557338.html
Original M10 & M90 TWS AIRPODS Wireless Earphones Touch Control 5.1 with power bank charger Headset Waterproof 9D Hifi Quality Earbuds 2000mAh Stereo Sports Headphones With Microphone,719.0,85.0,(Hania Collection Lahore),5,"Sound Quality:10/10. The sound is so good and the bass is also very good. Battery Life:10/10 I charge it one time and it goes for a long time Comfort:Also 10/10 the fitting is really great i use them while going for a run and they fit perfectly although i have a slight problem is that while i am using some application the voice is delayed byt mistly it works good. I AM COMPLETELY SATISFIED WITH THIS PRODUCT THANK YOU DARAZ,THANK YOU SELLER🤍",3***1,2026-08-26,3 days ago,True,2,https://www.daraz.pk/products/original-m10-m90-tws-airpods-wireless-earphones-touch-control-51-with-power-bank-charger-headset-waterproof-9d-hifi-quality-earbuds-2000mah-stereo-sports-headphones-with-microphone-i433557338.html
Original M10 & M90 TWS AIRPODS Wireless Earphones Touch Control 5.1 with power bank charger Headset Waterproof 9D Hifi Quality Earbuds 2000mAh Stereo Sports Headphones With Microphone,719.0,85.0,(Hania Collection Lahore),5,"“Product bilkul as described hai, quality achi hai aur delivery bhi time par mili. Very satisfied!” ⭐⭐⭐⭐⭐",m***4,2026-08-12,2 weeks ago,True,6,https://www.daraz.pk/products/original-m10-m90-tws-airpods-wireless-earphones-touch-control-51-with-power-bank-charger-headset-waterproof-9d-hifi-quality-earbuds-2000mah-stereo-sports-headphones-with-microphone-i433557338.html
Original M10 & M90 TWS AIRPODS Wireless Earphones Touch Control 5.1 with power bank charger Headset Waterproof 9D Hifi Quality Earbuds 2000mAh Stereo Sports Headphones With Microphone,719.0,85.0,(Hania Collection Lahore),5,very good sound battery timing is good. good quality jo mangwaya tha wahi cheez bheji,mukarramnadeem.56,2026-08-24,5 days ago,True,2,https://www.daraz.pk/products/original-m10-m90-tws-airpods-wireless-earphones-touch-control-51-with-power-bank-charger-headset-waterproof-9d-hifi-quality-earbuds-2000mah-stereo-sports-headphones-with-microphone-i433557338.html
Original M10 & M90 TWS AIRPODS Wireless Earphones Touch Control 5.1 with power bank charger Headset Waterproof 9D Hifi Quality Earbuds 2000mAh Stereo Sports Headphones With Microphone,719.0,85.0,(Hania Collection Lahore),5,nice product well don daraz,a***h,2024-01-29,01 Feb 2024,True,3,https://www.daraz.pk/products/original-m10-m90-tws-airpods-wireless-earphones-touch-control-51-with-power-bank-charger-headset-waterproof-9d-hifi-quality-earbuds-2000mah-stereo-sports-headphones-with-microphone-i433557338.html
Original M10 & M90 TWS AIRPODS Wireless Earphones Touch Control 5.1 with power bank charger Headset Waterproof 9D Hifi Quality Earbuds 2000mAh Stereo Sports Headphones With Microphone,719.0,85.0,(Hania Collection Lahore),5,one side is not working and it is disconnecting by itself,Agha Izyan,2026-08-26,4 days ago,True,1,https://www.daraz.pk/products/original-m10-m90-tws-airpods-wireless-earphones-touch-control-51-with-power-bank-charger-headset-waterproof-9d-hifi-quality-earbuds-2000mah-stereo-sports-headphones-with-microphone-i433557338.html
Original M10 & M90 TWS AIRPODS Wireless Earphones Touch Control 5.1 with power bank charger Headset Waterproof 9D Hifi Quality Earbuds 2000mAh Stereo Sports Headphones With Microphone,719.0,85.0,(Hania Collection Lahore),5,very fast delivery nice products jasy picture ma deky wasy hi received hwa thank u in sha Allah next bi order kro gi Highly recommended,awis,2024-06-28,02 Jul 2024,True,6,https://www.daraz.pk/products/original-m10-m90-tws-airpods-wireless-earphones-touch-control-51-with-power-bank-charger-headset-waterproof-9d-hifi-quality-earbuds-2000mah-stereo-sports-headphones-with-microphone-i433557338.html
Original M10 & M90 TWS AIRPODS Wireless Earphones Touch Control 5.1 with power bank charger Headset Waterproof 9D Hifi Quality Earbuds 2000mAh Stereo Sports Headphones With Microphone,719.0,85.0,(Hania Collection Lahore),5,"Reviewing it after using it for a week almost on every device m10 our home. It works perfectly with zero difference on Apple as well as Android devices and also I Love the Quality which I got-in this price is the best😍🥰🥰🥰 It is my very first experience using this product. As the sound of both the sides are perfect, super loud and equal. I’m happy buying in this price. Very convenient Airpods, works perfectly Also the seller deserves more than 5 🌟🌟🌟🌟🌟 as he/she is very polite and guided the u",Zain G.,2023-10-27,02 Nov 2023,True,6,https://www.daraz.pk/products/original-m10-m90-tws-airpods-wireless-earphones-touch-control-51-with-power-bank-charger-headset-waterproof-9d-hifi-quality-earbuds-2000mah-stereo-sports-headphones-with-microphone-i433557338.html
Original M10 & M90 TWS AIRPODS Wireless Earphones Touch Control 5.1 with power bank charger Headset Waterproof 9D Hifi Quality Earbuds 2000mAh Stereo Sports Headphones With Microphone,719.0,85.0,(Hania Collection Lahore),5,ye aye hai tou off hai or bilkul bhi charge nhi hori,ayesha khursheed,2026-08-28,2 days ago,True,1,https://www.daraz.pk/products/original-m10-m90-tws-airpods-wireless-earphones-touch-control-51-with-power-bank-charger-headset-waterproof-9d-hifi-quality-earbuds-2000mah-stereo-sports-headphones-with-microphone-i433557338.html
New Air Pro True Wireless Airbuds Bluetooth Earphones Headphones HiFi Sound Latency ANC Noise Reduction Earbuds For All Smart Phones,849.0,20.0,as online mart,5,Very very Bad 😡🤬 Nahi chal rahi Battery Life:No Charging nahi hoti Sound Quality:👎👎 Comfort:🤬🤬,msalmanqadri410,2026-08-20,1 week ago,True,1,https://www.daraz.pk/products/-i1967525584.html
New Air Pro True Wireless Airbuds Bluetooth Earphones Headphones HiFi Sound Latency ANC Noise Reduction Earbuds For All Smart Phones,849.0,20.0,as online mart,5,i received my parcel today but it is in very bad condition without box and charging cable or dono earpods ayk sth connect ni hoty ayk sahi se working ni kar raha.,Iamasamghaffar,2026-08-20,1 week ago,True,2,https://www.daraz.pk/products/-i1967525584.html
New Air Pro True Wireless Airbuds Bluetooth Earphones Headphones HiFi Sound Latency ANC Noise Reduction Earbuds For All Smart Phones,849.0,20.0,as online mart,5,Good quality airbuds sound quality is good battery timing is 3 hours in continue use i demand full white with no logo seller send as it is what i demand so I am satisfied seller is responsive deliverd on time trusted seller Recommended.,a***a,2026-08-07,3 weeks ago,True,3,https://www.daraz.pk/products/-i1967525584.html
New Air Pro True Wireless Airbuds Bluetooth Earphones Headphones HiFi Sound Latency ANC Noise Reduction Earbuds For All Smart Phones,849.0,20.0,as online mart,5,"Sound Quality:Good Battery Life: 2 ,3hours Comfort:Excellent 👌🏻 aur screen Kam nahi kar rhi zyda..",Kinza malikk,2026-08-23,1 day ago,True,1,https://www.daraz.pk/products/-i1967525584.html
New Air Pro True Wireless Airbuds Bluetooth Earphones Headphones HiFi Sound Latency ANC Noise Reduction Earbuds For All Smart Phones,849.0,20.0,as online mart,5,Sound Quality:100% OK Battery Life:3 Days Timing Comfort:Yes good quality 💯 good quality 💯,ata,2026-08-07,3 weeks ago,True,3,https://www.daraz.pk/products/-i1967525584.html
New Air Pro True Wireless Airbuds Bluetooth Earphones Headphones HiFi Sound Latency ANC Noise Reduction Earbuds For All Smart Phones,849.0,20.0,as online mart,5,Battery Life:very poor display isn't working,A***n,2026-08-19,2 weeks ago,True,1,https://www.daraz.pk/products/-i1967525584.html
New Air Pro True Wireless Airbuds Bluetooth Earphones Headphones HiFi Sound Latency ANC Noise Reduction Earbuds For All Smart Phones,849.0,20.0,as online mart,5,I was very pleased with this product.,muawiz84,2026-08-13,2 weeks ago,True,2,https://www.daraz.pk/products/-i1967525584.html
New Air Pro True Wireless Airbuds Bluetooth Earphones Headphones HiFi Sound Latency ANC Noise Reduction Earbuds For All Smart Phones,849.0,20.0,as online mart,5,very bad charge hi nhi ho rha,gamerzlight479,2026-08-20,2 weeks ago,True,1,https://www.daraz.pk/products/-i1967525584.html
New Air Pro True Wireless Airbuds Bluetooth Earphones Headphones HiFi Sound Latency ANC Noise Reduction Earbuds For All Smart Phones,849.0,20.0,as online mart,5,me order no receive,L***n,2026-08-17,1 week ago,True,1,https://www.daraz.pk/products/-i1967525584.html
"Airbuds, Earbuds, Wireless Earbuds, Bluetooth Earbuds, TWS Earbuds, Airbuds Bluetooth Earphones, Wireless Earphones, Touch Control, HD Sound, Deep Bass, ENC Noise Cancellation, Gaming Earbuds, LED Display, Long Battery",799.0,56.0,Zimal Collection (Lahore),5,Jo Pics me dekhaya hai wo he send kiya h best Product Sound quality Bhut Achi hai 😍🥰💯👌 Battery Timing is also good 😊💯 thanks Daraz,d***z,2026-08-05,4 weeks ago,True,3,https://www.daraz.pk/products/tws-hd-enc-led-i1965695592.html
"Airbuds, Earbuds, Wireless Earbuds, Bluetooth Earbuds, TWS Earbuds, Airbuds Bluetooth Earphones, Wireless Earphones, Touch Control, HD Sound, Deep Bass, ENC Noise Cancellation, Gaming Earbuds, LED Display, Long Battery",799.0,56.0,Zimal Collection (Lahore),5,SOUND BHOT ACHI HA QUALITY BHI FANTASTIC HA BHOT ACHI AIRBUDS HAIN 1st NUMBER HA.BHOT BHOT ACHI HAIN🤩🤩😍😘,d***z,2026-08-05,4 weeks ago,True,2,https://www.daraz.pk/products/tws-hd-enc-led-i1965695592.html
"Airbuds, Earbuds, Wireless Earbuds, Bluetooth Earbuds, TWS Earbuds, Airbuds Bluetooth Earphones, Wireless Earphones, Touch Control, HD Sound, Deep Bass, ENC Noise Cancellation, Gaming Earbuds, LED Display, Long Battery",799.0,56.0,Zimal Collection (Lahore),5,did i just get fkn scammed cuz this shi ain't charging bruh wth waste of money 🙂 as a student who saves up money to buy stuff for themselves y'all are gonna be svrewed by scamming others,Saad hussain,2026-08-13,2 weeks ago,True,1,https://www.daraz.pk/products/tws-hd-enc-led-i1965695592.html
"Airbuds, Earbuds, Wireless Earbuds, Bluetooth Earbuds, TWS Earbuds, Airbuds Bluetooth Earphones, Wireless Earphones, Touch Control, HD Sound, Deep Bass, ENC Noise Cancellation, Gaming Earbuds, LED Display, Long Battery",799.0,56.0,Zimal Collection (Lahore),5,Sound Quality:10/10 Battery Life:Minimum 3 to 4 Days Comfort:10/8 But this is not daba pack mujhe to ek choti si shopper mein Mila hai bas is bat se mein disappointed hoon,furqannaveed69,2026-08-16,2 weeks ago,True,4,https://www.daraz.pk/products/tws-hd-enc-led-i1965695592.html
"Airbuds, Earbuds, Wireless Earbuds, Bluetooth Earbuds, TWS Earbuds, Airbuds Bluetooth Earphones, Wireless Earphones, Touch Control, HD Sound, Deep Bass, ENC Noise Cancellation, Gaming Earbuds, LED Display, Long Battery",799.0,56.0,Zimal Collection (Lahore),5,"Sound Quality:Excellent Battery Life:5-6 hours Comfort:Excellent I order m19 earbuds, that is good, personal experience is good, delivery is excellent... Don't take a time, confirm your order its EXCELLENT.",d***z,2026-08-05,4 weeks ago,True,3,https://www.daraz.pk/products/tws-hd-enc-led-i1965695592.html
"Airbuds, Earbuds, Wireless Earbuds, Bluetooth Earbuds, TWS Earbuds, Airbuds Bluetooth Earphones, Wireless Earphones, Touch Control, HD Sound, Deep Bass, ENC Noise Cancellation, Gaming Earbuds, LED Display, Long Battery",799.0,56.0,Zimal Collection (Lahore),5,Nice look😍 Battery Life:average Comfort:Good Best price ma na 1 or be order kar deya ha thanks saller thanks dara❤️❤️❤️,sohil,2026-08-13,2 weeks ago,True,4,https://www.daraz.pk/products/tws-hd-enc-led-i1965695592.html
"Airbuds, Earbuds, Wireless Earbuds, Bluetooth Earbuds, TWS Earbuds, Airbuds Bluetooth Earphones, Wireless Earphones, Touch Control, HD Sound, Deep Bass, ENC Noise Cancellation, Gaming Earbuds, LED Display, Long Battery",799.0,56.0,Zimal Collection (Lahore),5,Sound Quality:average Battery Life:not tested yet Comfort:7 puri chezayn nhi i na cable or na hi rubbers I hn or packing b average thi koi box kch b nhi single item I thi,3***1,2026-08-14,2 weeks ago,True,2,https://www.daraz.pk/products/tws-hd-enc-led-i1965695592.html
"Airbuds, Earbuds, Wireless Earbuds, Bluetooth Earbuds, TWS Earbuds, Airbuds Bluetooth Earphones, Wireless Earphones, Touch Control, HD Sound, Deep Bass, ENC Noise Cancellation, Gaming Earbuds, LED Display, Long Battery",799.0,56.0,Zimal Collection (Lahore),5,Jeb main ney ye receive kiye to iss ki battery bilkul low honey ki waja sey ye kaam nhi ker rahey they main confuse ho gya uss k Baad main ney charge ker k daikha to ye sahi kaam kerney lagey price k lehaaz sey ye AK achi product hei Sound Quality:good Battery Life:good Comfort:good,s***l,2026-08-13,2 weeks ago,True,3,https://www.daraz.pk/products/tws-hd-enc-led-i1965695592.html
"Airbuds, Earbuds, Wireless Earbuds, Bluetooth Earbuds, TWS Earbuds, Airbuds Bluetooth Earphones, Wireless Earphones, Touch Control, HD Sound, Deep Bass, ENC Noise Cancellation, Gaming Earbuds, LED Display, Long Battery",799.0,56.0,Zimal Collection (Lahore),5,Sound Quality:excellent Battery Life:10/10 Comfort:some point very good I recommended it 🙂,s***l,2026-08-13,2 weeks ago,True,4,https://www.daraz.pk/products/tws-hd-enc-led-i1965695592.html
Air 31 Air pod dual 5.2 Earbuds handfree bluetooth Wireless Earbuds Headphones I 7 Mini Bluetooth Headset Earbud single Wireless Earphone With Mic Stereo For all phones,699.0,6150.0,Hania Collection (Lahore),5,I recommend this earbuds this is very good. Quality is good. charging time 3 hours to 4 hours thanks seller,Azaan A.,2025-07-19,23 Jul 2025,True,2,https://www.daraz.pk/products/31-52-7-i280841902.html
Air 31 Air pod dual 5.2 Earbuds handfree bluetooth Wireless Earbuds Headphones I 7 Mini Bluetooth Headset Earbud single Wireless Earphone With Mic Stereo For all phones,699.0,6150.0,Hania Collection (Lahore),5,Sound Quality:0 Battery Life:0 Comfort:0 Yeh kia mazaq hy.. 1st is me data cable ni thi. 2nd earbuds kharab hn. on hi nahi ho rahy 3rd. charge bhi lagaya hy wo bhi nahi ho rahy.. Paisa zaya hua hy. kindly isy refund kren. All proof and videos attached kindly review it and refund it Thank u.,Muhammad Owais,2025-12-23,29 Dec 2025,True,4,https://www.daraz.pk/products/31-52-7-i280841902.html
Air 31 Air pod dual 5.2 Earbuds handfree bluetooth Wireless Earbuds Headphones I 7 Mini Bluetooth Headset Earbud single Wireless Earphone With Mic Stereo For all phones,699.0,6150.0,Hania Collection (Lahore),5,Sound Quality:bad😡 Battery Life:bad😡 Comfort:😡 mara ko bilkul kharab order Mila kuchh bhi acha nhi Mary airburds charging hote he nhi,ab4169823,2026-06-16,18 Jun 2026,True,3,https://www.daraz.pk/products/31-52-7-i280841902.html
Air 31 Air pod dual 5.2 Earbuds handfree bluetooth Wireless Earbuds Headphones I 7 Mini Bluetooth Headset Earbud single Wireless Earphone With Mic Stereo For all phones,699.0,6150.0,Hania Collection (Lahore),4,Sound Quality:Normal Battery Life:Normal Comfort:10/7 charging cable nai nikli or ak side charge nahi ho rhi,3***1,2026-07-02,04 Jul 2026,True,1,https://www.daraz.pk/products/31-52-7-i280841902.html
Air 31 Air pod dual 5.2 Earbuds handfree bluetooth Wireless Earbuds Headphones I 7 Mini Bluetooth Headset Earbud single Wireless Earphone With Mic Stereo For all phones,699.0,6150.0,Hania Collection (Lahore),5,Sound Quality:1000 Battery Life:100 Comfort:100 bohat khubsurat h ye itni kaam price m Kamal h Left Right ki Allah Sy battery h,saadriaz586,2025-12-01,09 Dec 2025,True,1,https://www.daraz.pk/products/31-52-7-i280841902.html
Air 31 Air pod dual 5.2 Earbuds handfree bluetooth Wireless Earbuds Headphones I 7 Mini Bluetooth Headset Earbud single Wireless Earphone With Mic Stereo For all phones,699.0,6150.0,Hania Collection (Lahore),5,Sound Quality:10/10 achy ha zayada hi aunchi ha kanu me derd kr dety ha . Battery Life:ghnta TU fit chlty hain ause zayada lamba time use ni kiye . Comfort:10/10. ic price me ye bht achy option haa.. even call pr bhi achy se baat ho jaty ha 💟.,Ishah,2025-10-23,16 Nov 2025,True,3,https://www.daraz.pk/products/31-52-7-i280841902.html
Air 31 Air pod dual 5.2 Earbuds handfree bluetooth Wireless Earbuds Headphones I 7 Mini Bluetooth Headset Earbud single Wireless Earphone With Mic Stereo For all phones,699.0,6150.0,Hania Collection (Lahore),5,very good quility Battery Life:Is too good Comfort:comfertable Sound Quality:Sound quility nice,k***5,2025-04-17,21 Apr 2025,True,1,https://www.daraz.pk/products/31-52-7-i280841902.html
Air 31 Air pod dual 5.2 Earbuds handfree bluetooth Wireless Earbuds Headphones I 7 Mini Bluetooth Headset Earbud single Wireless Earphone With Mic Stereo For all phones,699.0,6150.0,Hania Collection (Lahore),5,Really bad experience I paid full amount of total 850 on delivery but inside the package was only the device there was no cable to charge it and it was even in original package mean was not even packed and on top one side working and the other one is not I suggest you not to buy from here 😡😡😡,3***8,2025-10-21,23 Oct 2025,True,1,https://www.daraz.pk/products/31-52-7-i280841902.html
Air 31 Air pod dual 5.2 Earbuds handfree bluetooth Wireless Earbuds Headphones I 7 Mini Bluetooth Headset Earbud single Wireless Earphone With Mic Stereo For all phones,699.0,6150.0,Hania Collection (Lahore),5,bht hi bura hai na charging cable hai sath or na hi on horhy hainn 😡 return kr wana hai mujy refund request accept kre kindly!,S***a,2026-05-22,23 May 2026,True,1,https://www.daraz.pk/products/31-52-7-i280841902.html
"Airbuds TWS Bluetooth Earbuds Waterproof Deep Bass Music Earphones TWS, Airbuds, ENC, Noise Cancellation, HD Stereo Sound, Touch Control, Charging Case,",748.0,72.0,AMEER SONS.PK,3,"Sound Quality:10/10 Battery Life:7/10 Comfort:10/10 I ordered first time from this store after reading the reviews I was not much satisfied but I still ordered to take a risk and if I talk openly about the product is perfect and awesome I charged them it's showing proper battery when I received they were completely dead but I have used 40 minutes continuously playback both ear piece are working perfectly. The thing I don't like is packaging with no box no charging c type cable it was simply in temporary plastic bag which could cause damage to the parcel not properly wrapped up even after placing the order I told my recommendation to the seller but he didn't follow I even tell him I am ordering it for birthday gift but he didn't follow anything. No box, no charging cable type c unprofessional packaging . I was lucky that parcel didn't got damage they way it was packed it can damage easily",312*87,2026-07-26,29 Jul 2026,True,1,https://www.daraz.pk/products/-i1963315235.html
"Airbuds TWS Bluetooth Earbuds Waterproof Deep Bass Music Earphones TWS, Airbuds, ENC, Noise Cancellation, HD Stereo Sound, Touch Control, Charging Case,",748.0,72.0,AMEER SONS.PK,5,the packaging was not good everything else is perfect Sound Quality:perfect Battery Life:not bad Comfort:very comforting,s***1,2026-08-07,3 weeks ago,True,3,https://www.daraz.pk/products/-i1963315235.html
"Airbuds TWS Bluetooth Earbuds Waterproof Deep Bass Music Earphones TWS, Airbuds, ENC, Noise Cancellation, HD Stereo Sound, Touch Control, Charging Case,",748.0,72.0,AMEER SONS.PK,5,Achi he is ko 2 gante change per lagana perta he or phir ye on hote hen Baki paison ke hisaab se chargeable timing bhi Sahi he 1 ganta chal jate hen ❤️,Maryam,2026-08-03,4 weeks ago,True,3,https://www.daraz.pk/products/-i1963315235.html
"Airbuds TWS Bluetooth Earbuds Waterproof Deep Bass Music Earphones TWS, Airbuds, ENC, Noise Cancellation, HD Stereo Sound, Touch Control, Charging Case,",748.0,72.0,AMEER SONS.PK,5,abi use ni Kiya dekh ACHA Raha hn lkin na koi box me tha na he charger hn bs ASE he utha k har me da deya hhh please Concentrate on packiging,Shiblee Khalid,2026-08-16,2 weeks ago,True,1,https://www.daraz.pk/products/-i1963315235.html
"Airbuds TWS Bluetooth Earbuds Waterproof Deep Bass Music Earphones TWS, Airbuds, ENC, Noise Cancellation, HD Stereo Sound, Touch Control, Charging Case,",748.0,72.0,AMEER SONS.PK,5,Comfort: comfortable bi bhot hai easy se ear me fit ho jati Sound Quality: sound boht hi heavy hai is price range me Mashallah se ok cheez hai me 💯 recommend kroga ap yeh ankhe band krke purchase krlo 💯 trusted sellar 2 din me mujh yeh received hogaya tha fast service hai Mashallah,aqeelahmed00010,2026-07-13,13 Jul 2026,True,4,https://www.daraz.pk/products/-i1963315235.html
"Airbuds TWS Bluetooth Earbuds Waterproof Deep Bass Music Earphones TWS, Airbuds, ENC, Noise Cancellation, HD Stereo Sound, Touch Control, Charging Case,",748.0,72.0,AMEER SONS.PK,5,Sound Quality:10/10 Battery Life:After charging for about 3 hours it could only stand for around 15 to 17 minutes then i charged it for about 6 hours and then the charging was very well utilized Comfort:As far as comfort is concerned they are very comfortable. in such a low price it is one of the Great purchase recommended for personal as well as for gifting purpose.,MUHAMMAD ANEEB,2026-07-14,14 Jul 2026,True,1,https://www.daraz.pk/products/-i1963315235.html
"Airbuds TWS Bluetooth Earbuds Waterproof Deep Bass Music Earphones TWS, Airbuds, ENC, Noise Cancellation, HD Stereo Sound, Touch Control, Charging Case,",748.0,72.0,AMEER SONS.PK,5,Sound Quality:10/10 Battery Life:10/10 Comfort:too Good mujhy bhttt achi lagi inki packing or earbuds bhi is price m best product h 😍highly recommended thank you seller and Daraz,mariam zia,2026-07-13,13 Jul 2026,True,5,https://www.daraz.pk/products/-i1963315235.html
"Airbuds TWS Bluetooth Earbuds Waterproof Deep Bass Music Earphones TWS, Airbuds, ENC, Noise Cancellation, HD Stereo Sound, Touch Control, Charging Case,",748.0,72.0,AMEER SONS.PK,5,note: reviewing after using 1 week Excellent quality ear buds with excellent base and so far as per my usege these earbuds can be easily used upto 7 hours in 1 full charging and box has Ability to fully charge the earbuds about 4 to 5 times so they can easily last for 30 hours and even it has 1 year brand warranty. I haven't purchased just for music so i have no review regarding it's gaming performance but i hope it will not disappoint gamers. so my rating is 10/10,fazalazeem496,2026-07-13,13 Jul 2026,True,3,https://www.daraz.pk/products/-i1963315235.html
"Airbuds TWS Bluetooth Earbuds Waterproof Deep Bass Music Earphones TWS, Airbuds, ENC, Noise Cancellation, HD Stereo Sound, Touch Control, Charging Case,",748.0,72.0,AMEER SONS.PK,5,Kal order kiya aj receive bhi ho gaya Battery Life:3-4 hour Comfort:very comfortable Sound Quality:good,momina khan,2026-07-14,14 Jul 2026,True,1,https://www.daraz.pk/products/-i1963315235.html
"Air buds/ Bluetooth Earphones Headphones Outdoor Sports Earbuds Air-Pod Pro 2nd Generation - Wireless Earbuds, Air Pro ANC cancelltaion",899.0,28.0,Hania Collection (Lahore),5,Good quality airbuds sound quality is good battery timing is 3 hours in continue use i demand full white with no logo seller send as it is what i demand so I am satisfied seller is responsive deliverd on time trusted seller Recommended.,f***h,2026-07-29,4 weeks ago,True,2,https://www.daraz.pk/products/2nd-i1948689808.html
"Air buds/ Bluetooth Earphones Headphones Outdoor Sports Earbuds Air-Pod Pro 2nd Generation - Wireless Earbuds, Air Pro ANC cancelltaion",899.0,28.0,Hania Collection (Lahore),5,"I recently purchased these earbuds,and They have exceeded my expectations in every way. The design is sleek and comfortable, fitting perfectly in my ears. The sound quality is exceptional and delivering rich bass. Whether I'm listening to music or taking calls, the performance is outstanding. The battery life is impressive, easily lasting throughout my busy day.I also appreciate the touch control.I highly recommend them to everyone to buy this from this shop🥰😍❤👍🏻",R***a,2026-07-21,28 Jul 2026,True,6,https://www.daraz.pk/products/2nd-i1948689808.html
"Air buds/ Bluetooth Earphones Headphones Outdoor Sports Earbuds Air-Pod Pro 2nd Generation - Wireless Earbuds, Air Pro ANC cancelltaion",899.0,28.0,Hania Collection (Lahore),5,Sound Quality:buhat acha hai sound Battery Life:mene kal ka kiya hai abhi bhi 63 baqi hai Comfort:achi quality hai,d***z,2026-08-06,4 weeks ago,True,1,https://www.daraz.pk/products/2nd-i1948689808.html
"Air buds/ Bluetooth Earphones Headphones Outdoor Sports Earbuds Air-Pod Pro 2nd Generation - Wireless Earbuds, Air Pro ANC cancelltaion",899.0,28.0,Hania Collection (Lahore),5,"Sound Quality:v good Battery Life:bahht achi hai almost 3 hour Comfort:beautiful design hai timing b achi h good quality, highly recommend iam satisfied",draz,2026-08-06,4 weeks ago,True,2,https://www.daraz.pk/products/2nd-i1948689808.html
"Air buds/ Bluetooth Earphones Headphones Outdoor Sports Earbuds Air-Pod Pro 2nd Generation - Wireless Earbuds, Air Pro ANC cancelltaion",899.0,28.0,Hania Collection (Lahore),5,"⭐⭐⭐⭐⭐ I’m really happy with these AirPods! The quality is amazing, they work perfectly, and the delivery was also very fast. The timing was excellent, and the product arrived safely and exactly as described. The sound quality and overall performance are really good for the price. I’m completely satisfied with my purchase. Highly recommended! ❤️",iqra111111ee,2026-08-11,3 weeks ago,True,1,https://www.daraz.pk/products/2nd-i1948689808.html
"Air buds/ Bluetooth Earphones Headphones Outdoor Sports Earbuds Air-Pod Pro 2nd Generation - Wireless Earbuds, Air Pro ANC cancelltaion",899.0,28.0,Hania Collection (Lahore),5,phely to charger hi nhi ho rhy thy ma ny socha k kharab Hy but baad ma charging start hoi. excellent 👌. most thanks 👍 Daraz Battery Life:is more then excepted Comfort:more beautiful 😍 and comfortable Sound Quality:bht hi aahi Hy😊,chbeo321,2026-08-07,3 weeks ago,True,4,https://www.daraz.pk/products/2nd-i1948689808.html
"Air buds/ Bluetooth Earphones Headphones Outdoor Sports Earbuds Air-Pod Pro 2nd Generation - Wireless Earbuds, Air Pro ANC cancelltaion",899.0,28.0,Hania Collection (Lahore),5,Sound Quality:💯% 💯% Comfort:Good 💯 This Airpods so good 😊 jasa order Kya tha Same wasa ha sound quality both achi ha bettery timing bi achi ha paking bi achi ha color or quality so good 👍 this is my experience about airpods dilvery time so good 👍 I like this Airpods and all things 😊 Thank you Daraz ✨ good product 💯. Battery timing b bohat achi hia.or sound quality bohat achi hia. mn full satisfy Hun.,R***a,2026-07-21,28 Jul 2026,True,6,https://www.daraz.pk/products/2nd-i1948689808.html
"Air buds/ Bluetooth Earphones Headphones Outdoor Sports Earbuds Air-Pod Pro 2nd Generation - Wireless Earbuds, Air Pro ANC cancelltaion",899.0,28.0,Hania Collection (Lahore),5,same as shown very good quality..sound is also good...thanks seller and daraz🤗🤗🤩,s***f,2026-07-29,4 weeks ago,True,3,https://www.daraz.pk/products/2nd-i1948689808.html
"Air buds/ Bluetooth Earphones Headphones Outdoor Sports Earbuds Air-Pod Pro 2nd Generation - Wireless Earbuds, Air Pro ANC cancelltaion",899.0,28.0,Hania Collection (Lahore),5,Good quality 👍 Sound and Battery timing is also good 👍 Recommend,d***z,2026-08-06,4 weeks ago,True,1,https://www.daraz.pk/products/2nd-i1948689808.html
Stereo M04 Air pod Wireless Bluetooth Earphones - Stereo Sound with English Voice Prompt and Low Power Consumption,249.0,3414.0,(Hania Collection Lahore),5,baqi sb thk ha behtreen ha mene ye 2 buy kiye thy white walabht acha ha oka but black wala baqi tu thk ha battery timing just 40 se 50 mnt ha battery life ki wja se fail ha Comfort:8/10 Sound Quality:9/10 Noise Isolation:05/10 Battery life: 00/10,khamu A.,2025-01-06,13 Jan 2025,True,3,https://www.daraz.pk/products/04-i268756696.html
Stereo M04 Air pod Wireless Bluetooth Earphones - Stereo Sound with English Voice Prompt and Low Power Consumption,249.0,3414.0,(Hania Collection Lahore),5,is me charging wire nh butt voicee achi hyy or aik black wali me volume ka button nh hy Sound Quality:achii hy Comfort:achi hy,Muskan S.,2024-08-08,13 Aug 2024,True,4,https://www.daraz.pk/products/04-i268756696.html
Stereo M04 Air pod Wireless Bluetooth Earphones - Stereo Sound with English Voice Prompt and Low Power Consumption,249.0,3414.0,(Hania Collection Lahore),5,bhut auchi hai awaz bi thek hai or jasi pic mian dhkai gi thi wo he ai hai or ate pase mian ye bhut. Auch product hai l love you darz and thanks 😊 seller thank you 🥀,3***8,2023-12-25,01 Jan 2024,True,2,https://www.daraz.pk/products/04-i268756696.html
Stereo M04 Air pod Wireless Bluetooth Earphones - Stereo Sound with English Voice Prompt and Low Power Consumption,249.0,3414.0,(Hania Collection Lahore),5,aj he mje parsal receive hua bht he nice hen bht he achi awaz h highly recommend bht zbrdst chez h or jo mangaya same woe aya thnx daraz,3***8,2024-04-29,02 May 2024,True,3,https://www.daraz.pk/products/04-i268756696.html
Stereo M04 Air pod Wireless Bluetooth Earphones - Stereo Sound with English Voice Prompt and Low Power Consumption,249.0,3414.0,(Hania Collection Lahore),5,The product is good in this price range. Mujhe laga ke isme microphone hoga mgr nhi ha aur dusri problem Iphone wali charging cable jo ke bhot choti ha otherwise sound quality achi ha. Delivery ke wajah se box kharab halat me mila tha mujhe.,Tahoor M.,2024-03-18,25 Mar 2024,True,6,https://www.daraz.pk/products/04-i268756696.html
Stereo M04 Air pod Wireless Bluetooth Earphones - Stereo Sound with English Voice Prompt and Low Power Consumption,249.0,3414.0,(Hania Collection Lahore),5,nice behtarin sexy look has ka song quality superb hai is price mein bahut is price mein bahut acche airport chahie Mujhe to Pasand Aaye Hain,Hyder A.,2024-01-29,02 Feb 2024,True,6,https://www.daraz.pk/products/04-i268756696.html
Stereo M04 Air pod Wireless Bluetooth Earphones - Stereo Sound with English Voice Prompt and Low Power Consumption,249.0,3414.0,(Hania Collection Lahore),5,I was surprised to find such a good item at such a low price. It was exactly as shown in the picture. Thank you.,3***6,2024-01-24,27 Jan 2024,True,3,https://www.daraz.pk/products/04-i268756696.html
Stereo M04 Air pod Wireless Bluetooth Earphones - Stereo Sound with English Voice Prompt and Low Power Consumption,249.0,3414.0,(Hania Collection Lahore),4,THE IPOD IS SAME AS SHOWN IN PICTURE...Delivery process is quite speedy on time... But You must know that they send single ipod at this price...If you want 2 then please confirm before order or order 2 items.Otheriwise its a nice experience Thankyou.,Neelum J.,2023-12-29,02 Jan 2024,True,2,https://www.daraz.pk/products/04-i268756696.html
Stereo M04 Air pod Wireless Bluetooth Earphones - Stereo Sound with English Voice Prompt and Low Power Consumption,249.0,3414.0,(Hania Collection Lahore),4,Delivery was soo fast i got my product in just 1 day. Packaging was also ok. buds are not that excellent but are good. but the reason i am giving the product 4 star is tge charging wire is too short. approximately only 4-5 inches. Sellers needs to send a big wire. But according to the price 310rs it is worth it to buy ...,F***.,2023-12-17,19 Dec 2023,True,3,https://www.daraz.pk/products/04-i268756696.html
"Stereo TWS Wireless AirPods | Bluetooth 5.3 Earbuds with Deep Bass, Touch Control & HD Mic",649.0,25.0,D.tech.,5,Sound Quality:10/10 Battery Life:10/10 Comfort:10/10 overall product is very good the quality and it is exactly same as shown definitely recommended,daisashahbaz,2026-07-03,06 Jul 2026,True,2,https://www.daraz.pk/products/tws-53-hd-i948666237.html
"Stereo TWS Wireless AirPods | Bluetooth 5.3 Earbuds with Deep Bass, Touch Control & HD Mic",649.0,25.0,D.tech.,5,"Sound Quality:Beyond from my expectations Battery Life:minimum ig it would be three hours, it can exceed but not less than this. Comfort:Ah in case of comfort I'm not impressed as much, but not that bad, I can rate good. Most important in this price tag definitely particular item is awesome ✨✨",kaukabqaisrani02,2026-08-10,3 weeks ago,True,1,https://www.daraz.pk/products/tws-53-hd-i948666237.html
"Stereo TWS Wireless AirPods | Bluetooth 5.3 Earbuds with Deep Bass, Touch Control & HD Mic",649.0,25.0,D.tech.,5,"Very good product These Earbuds also have fingerprint sensor right down of lights Sound Quality:Very Fabolous,very high bass for hip hop songs&Very high sound compatible to others I have tried airpods Pro but those are like copy not have good sound but these are very good Battery Life:When I received they are dead because they are packed and take 1 hours for full charge and used for 30 min and consume 5% only Comfort:Very good fit in ears.Noise cancellation is very good",K***d,2026-08-29,9 hours ago,True,1,https://www.daraz.pk/products/tws-53-hd-i948666237.html
"Stereo TWS Wireless AirPods | Bluetooth 5.3 Earbuds with Deep Bass, Touch Control & HD Mic",649.0,25.0,D.tech.,5,excellent Sound Quality:excellent Battery Life:excellent Comfort:excellent,A***d,2026-08-11,2 weeks ago,True,1,https://www.daraz.pk/products/tws-53-hd-i948666237.html
"Stereo TWS Wireless AirPods | Bluetooth 5.3 Earbuds with Deep Bass, Touch Control & HD Mic",649.0,25.0,D.tech.,5,Battery Life:good battery timings Sound Quality:good sound quality. Comfort:good comfortable quality,Farhan sajid,2026-08-07,3 weeks ago,True,0,https://www.daraz.pk/products/tws-53-hd-i948666237.html
"Stereo TWS Wireless AirPods | Bluetooth 5.3 Earbuds with Deep Bass, Touch Control & HD Mic",649.0,25.0,D.tech.,4,Sound Quality:so great Battery Life:3 hours Comfort:great but they delivered blue but we ordered white,3***8,2026-08-20,5 days ago,True,0,https://www.daraz.pk/products/tws-53-hd-i948666237.html
"Stereo TWS Wireless AirPods | Bluetooth 5.3 Earbuds with Deep Bass, Touch Control & HD Mic",649.0,25.0,D.tech.,5,Masha Allah Bhoot he achii cheez bajii hai lakin color change tha bsss bakii all okkkk THANK YOU 👍,Sanaullah Bhatti,2026-07-26,4 weeks ago,True,0,https://www.daraz.pk/products/tws-53-hd-i948666237.html
"Stereo TWS Wireless AirPods | Bluetooth 5.3 Earbuds with Deep Bass, Touch Control & HD Mic",649.0,25.0,D.tech.,5,i accepted your gift thankyou this is my nayapay 03207302685 haider javer name send me money here refundable money okay thankyou,legendroshankhan,2026-08-31,1 day ago,True,0,https://www.daraz.pk/products/tws-53-hd-i948666237.html
"Stereo TWS Wireless AirPods | Bluetooth 5.3 Earbuds with Deep Bass, Touch Control & HD Mic",649.0,25.0,D.tech.,5,very good quality but I order in white color but received in black color packaging also good,fatimaijaz7697,2026-08-13,2 weeks ago,True,0,https://www.daraz.pk/products/tws-53-hd-i948666237.html
Wireless Earbuds Headphones Bluetooth Earpods Sports Stereo Airbuds Noise Canceling Headphone Microphone Speaker with LED light headphones,326.0,60.0,Zimal Collection (Lahore),5,"Sound Quality:Excellent Battery Life:5-6 hours Comfort:Excellent I order m19 earbuds, that is good, personal experience is good, delivery is excellent... Don't take a time, confirm your order its EXCELLENT.",d***z,2026-08-05,4 weeks ago,True,1,https://www.daraz.pk/products/led-i1964559878.html
Wireless Earbuds Headphones Bluetooth Earpods Sports Stereo Airbuds Noise Canceling Headphone Microphone Speaker with LED light headphones,326.0,60.0,Zimal Collection (Lahore),5,Sound Quality:bhoot achi ha Battery Life:battery trimming bhoot achi ha Comfort:use ma bhee khobsorat lagta hain or acha hain,0***2,2026-08-10,3 weeks ago,True,1,https://www.daraz.pk/products/led-i1964559878.html
Wireless Earbuds Headphones Bluetooth Earpods Sports Stereo Airbuds Noise Canceling Headphone Microphone Speaker with LED light headphones,326.0,60.0,Zimal Collection (Lahore),4,Sound Quality:good Battery Life:it's good compared to other earbuds I've ordered before Comfort:9/10 Got without packaging and charger,hateembungash,2026-08-09,3 weeks ago,True,1,https://www.daraz.pk/products/led-i1964559878.html
Wireless Earbuds Headphones Bluetooth Earpods Sports Stereo Airbuds Noise Canceling Headphone Microphone Speaker with LED light headphones,326.0,60.0,Zimal Collection (Lahore),5,"Original product received! Yeh bluetooth earphones use karne me boht comfortable hain, kaan me dard nahi hota. Sound quality boht loud aur clear hai. Daraz par yeh mere ab tak ke best airpods hain. Fast shipping aur safe delivery ke liye 5 stars!😍😍👌👌✔",s***l,2026-08-13,2 weeks ago,True,5,https://www.daraz.pk/products/led-i1964559878.html
Wireless Earbuds Headphones Bluetooth Earpods Sports Stereo Airbuds Noise Canceling Headphone Microphone Speaker with LED light headphones,326.0,60.0,Zimal Collection (Lahore),5,Jeb main ney ye receive kiye to iss ki battery bilkul low honey ki waja sey ye kaam nhi ker rahey they main confuse ho gya uss k Baad main ney charge ker k daikha to ye sahi kaam kerney lagey price k lehaaz sey ye AK achi product hei Sound Quality:good Battery Life:good Comfort:good,s***l,2026-08-13,2 weeks ago,True,4,https://www.daraz.pk/products/led-i1964559878.html
Wireless Earbuds Headphones Bluetooth Earpods Sports Stereo Airbuds Noise Canceling Headphone Microphone Speaker with LED light headphones,326.0,60.0,Zimal Collection (Lahore),5,MashaAllah Zabardast Products hai Seller bhi Kmal ka ha Fast delivery 🚚 Thanks Drazz Mashallah ❤️ VIP product hai jo chij maine mangvaee hai vahi hai aur acchi quality hai ❤️ thanks 😊 ek baat aur ISI Tarah Apne acchi chij di to hamara etbar ap per bahut jyada ho jaega pir hum daraz sy hi shopping Kiya karenge okay,A***h,2026-08-01,03 Aug 2026,True,3,https://www.daraz.pk/products/led-i1964559878.html
Wireless Earbuds Headphones Bluetooth Earpods Sports Stereo Airbuds Noise Canceling Headphone Microphone Speaker with LED light headphones,326.0,60.0,Zimal Collection (Lahore),5,Good quality airbuds sound quality is good battery timing is 3 hours in continue use i demand full white with no logo seller send as it is what i demand so I am satisfied seller is responsive deliverd on time trusted seller Recommended.,A***h,2026-08-01,03 Aug 2026,True,3,https://www.daraz.pk/products/led-i1964559878.html
Wireless Earbuds Headphones Bluetooth Earpods Sports Stereo Airbuds Noise Canceling Headphone Microphone Speaker with LED light headphones,326.0,60.0,Zimal Collection (Lahore),5,Jo Pics me dekhaya hai wo he send kiya h best Product Sound quality Bhut Achi hai 😍🥰💯👌 Battery Timing is also good 😊💯 thanks Daraz,d***z,2026-08-05,4 weeks ago,True,3,https://www.daraz.pk/products/led-i1964559878.html
Wireless Earbuds Headphones Bluetooth Earpods Sports Stereo Airbuds Noise Canceling Headphone Microphone Speaker with LED light headphones,326.0,60.0,Zimal Collection (Lahore),5,"Working perfectly, these earbuds are genuine Must buy if you want the earbuds that don't need recharge everyday. I am using it daily since last 3 or 4 weeks and I needed to charge these only 3 times. You can continuously watch 3 hours long movie on your mobile device with these Earbuds and their battery will still remain 70%. Everytime you put these earbuds in the case they automatically recharge for next use. And its case/box needs to be recharged every 4 or 5 days. RECOMMENDED.",A***h,2026-08-01,03 Aug 2026,True,4,https://www.daraz.pk/products/led-i1964559878.html
"M10 & M19 & Air pod Pro & Air31 TWS Air pod_ with Super Sound & High Quality Touch Sensors True Stereo Headphones with Built in Mic 10m Transmission Bluetooth Wireless Earbuds , Charging Case Sport Headset for all Bluetooth Smart devices.",699.0,552.0,BiG SHOP (Lahore),5,Sound Quality:best hai so loud Battery Life:dekhi nhi abi Comfort:to much,asadkhanrajput113,2026-04-17,18 Apr 2026,True,2,https://www.daraz.pk/products/m10-m19-air-pod-pro-air31-tws-air-pod_-10m-i216202816.html
"M10 & M19 & Air pod Pro & Air31 TWS Air pod_ with Super Sound & High Quality Touch Sensors True Stereo Headphones with Built in Mic 10m Transmission Bluetooth Wireless Earbuds , Charging Case Sport Headset for all Bluetooth Smart devices.",699.0,552.0,BiG SHOP (Lahore),4,The product is overall good but the delivery was late. I honestly recommend this air bud to you if you want to purchase your first earbud.,Absham R.,2024-04-15,25 Apr 2024,True,3,https://www.daraz.pk/products/m10-m19-air-pod-pro-air31-tws-air-pod_-10m-i216202816.html
"M10 & M19 & Air pod Pro & Air31 TWS Air pod_ with Super Sound & High Quality Touch Sensors True Stereo Headphones with Built in Mic 10m Transmission Bluetooth Wireless Earbuds , Charging Case Sport Headset for all Bluetooth Smart devices.",699.0,552.0,BiG SHOP (Lahore),5,jis tarah dikhaya gya tha waisa hi hai price ke lehaz se quality bhi achi hai,****8,2024-04-13,21 Apr 2024,True,3,https://www.daraz.pk/products/m10-m19-air-pod-pro-air31-tws-air-pod_-10m-i216202816.html
"M10 & M19 & Air pod Pro & Air31 TWS Air pod_ with Super Sound & High Quality Touch Sensors True Stereo Headphones with Built in Mic 10m Transmission Bluetooth Wireless Earbuds , Charging Case Sport Headset for all Bluetooth Smart devices.",699.0,552.0,BiG SHOP (Lahore),5,Sound Quality:good Battery Life:gd Comfort:gd bt ye ek wqt m ek hi chalta ha 2no sth ni chalty wesy achay ha,3***8,2026-03-17,26 Mar 2026,True,3,https://www.daraz.pk/products/m10-m19-air-pod-pro-air31-tws-air-pod_-10m-i216202816.html
"M10 & M19 & Air pod Pro & Air31 TWS Air pod_ with Super Sound & High Quality Touch Sensors True Stereo Headphones with Built in Mic 10m Transmission Bluetooth Wireless Earbuds , Charging Case Sport Headset for all Bluetooth Smart devices.",699.0,552.0,BiG SHOP (Lahore),5,I received the M10 earbuds. The LED display and sound quality are great for the price. Battery life is good. Delivery was very fast. Overall very satisfied with this purchase. Thank you.,islamia.gallery2812,2026-07-24,27 Jul 2026,True,1,https://www.daraz.pk/products/m10-m19-air-pod-pro-air31-tws-air-pod_-10m-i216202816.html
"M10 & M19 & Air pod Pro & Air31 TWS Air pod_ with Super Sound & High Quality Touch Sensors True Stereo Headphones with Built in Mic 10m Transmission Bluetooth Wireless Earbuds , Charging Case Sport Headset for all Bluetooth Smart devices.",699.0,552.0,BiG SHOP (Lahore),5,Comfort:Meri connect nai horhi Battery Life:buhat jaldi khatam ho rhi ha Sound Quality:connect hi nai hui,subhanfzsf,2026-08-10,3 weeks ago,True,1,https://www.daraz.pk/products/m10-m19-air-pod-pro-air31-tws-air-pod_-10m-i216202816.html
"M10 & M19 & Air pod Pro & Air31 TWS Air pod_ with Super Sound & High Quality Touch Sensors True Stereo Headphones with Built in Mic 10m Transmission Bluetooth Wireless Earbuds , Charging Case Sport Headset for all Bluetooth Smart devices.",699.0,552.0,BiG SHOP (Lahore),5,wowwwee I love this it... is very comfortable and sound quality is very amazing 👏 I charge it only 2 hr and it works 3 days...I m very satisfied with these ear buds. Thae delivery is very fast i got this in 1 to 2 days only the packaging 📦 was great 👍 .I highly recommend these ear buds to anyone who is looking for good quality and performance i m very happy to purchase this.The ear buds look very stylish... Every thing match the description exactly,Syaim Syaim,2026-06-17,18 Jun 2026,True,2,https://www.daraz.pk/products/m10-m19-air-pod-pro-air31-tws-air-pod_-10m-i216202816.html
"M10 & M19 & Air pod Pro & Air31 TWS Air pod_ with Super Sound & High Quality Touch Sensors True Stereo Headphones with Built in Mic 10m Transmission Bluetooth Wireless Earbuds , Charging Case Sport Headset for all Bluetooth Smart devices.",699.0,552.0,BiG SHOP (Lahore),5,bhoot bhoot shukria sir aap log bhoot onest hen jo cheez mangwayi thi wahi ayi he mashallah khush rho delar sellar,Syed bilal Ali,2026-07-25,28 Jul 2026,True,1,https://www.daraz.pk/products/m10-m19-air-pod-pro-air31-tws-air-pod_-10m-i216202816.html
"M10 & M19 & Air pod Pro & Air31 TWS Air pod_ with Super Sound & High Quality Touch Sensors True Stereo Headphones with Built in Mic 10m Transmission Bluetooth Wireless Earbuds , Charging Case Sport Headset for all Bluetooth Smart devices.",699.0,552.0,BiG SHOP (Lahore),5,"> **Extremely disappointed with this purchase!** The battery timing of these AirPods is absolutely terrible—they barely last any time before dying. Moreover, the product looks completely different from what was shown in the pictures; the quality and design do not match at all. This is very misleading and frustrating. **Do not waste your money on this!** >",3***6,2026-08-09,3 weeks ago,True,1,https://www.daraz.pk/products/m10-m19-air-pod-pro-air31-tws-air-pod_-10m-i216202816.html
Air 31 Earbud dual Earbuds handfree Bluetooth Wireless Earbuds Transparent crystal frame Bluetooth headset Digital Display powerbank for earbuds charging,579.0,1907.0,Smart life Accessories,5,"the quality is best , delivery was on time , and the packing was also good 😊 thanks to seller , 100% satisfied Sound Quality:sound quality is excellent 👌 Battery Life:best Comfort:best",3***8,2024-07-17,18 Aug 2024,True,3,https://www.daraz.pk/products/31-i435277150.html
Air 31 Earbud dual Earbuds handfree Bluetooth Wireless Earbuds Transparent crystal frame Bluetooth headset Digital Display powerbank for earbuds charging,579.0,1907.0,Smart life Accessories,5,assalam o alaikum mny 2 mangwaye thy air buds lykn 3 aye hn 2 ki price m 1 or Aya ay Sath 1852 rupy m 2 mangwaye thy 2 e aye lykn aik or Aya ay 1852 rupy m Jo humary pas galti sy Aya ay humara ni ay,3***1,2024-07-14,20 Jul 2024,True,1,https://www.daraz.pk/products/31-i435277150.html
Air 31 Earbud dual Earbuds handfree Bluetooth Wireless Earbuds Transparent crystal frame Bluetooth headset Digital Display powerbank for earbuds charging,579.0,1907.0,Smart life Accessories,5,ماشاءاللہ بہت اچھی کوالٹی ہے جیسا دکھایا ہے ویسا ہی بھیجے اچھا ساؤنڈ ہے اور ڈلیوری بھی جلدی ہو گئی ہے ڈیلر بھی اچھی طرح ڈیل کی ہے اچھا ڈیلر ہے بیس بھی اس کا اچھا ہے اور ساؤنڈ بھی اچھا ہے اور کوالٹی بھی اس کی اچھی ہے پہلی بار میں نے ارڈر کی ہے اور اچھا میرا ریسیو ہوا ہے تھینک یو♥️🙂,Rizoo,2024-07-11,15 Jul 2024,True,3,https://www.daraz.pk/products/31-i435277150.html
Air 31 Earbud dual Earbuds handfree Bluetooth Wireless Earbuds Transparent crystal frame Bluetooth headset Digital Display powerbank for earbuds charging,579.0,1907.0,Smart life Accessories,4,the product justifies the price. Sound Quality:songs sunne k liyen khaas sound nhi hai matlab bass nhi hai bus movie vlogs reels wagera dekhne k liyen sahi hai. hardware quality achi hai display bhi acha hai. over all acha experience raha,Shaban K.,2024-07-07,13 Jul 2024,True,1,https://www.daraz.pk/products/31-i435277150.html
Air 31 Earbud dual Earbuds handfree Bluetooth Wireless Earbuds Transparent crystal frame Bluetooth headset Digital Display powerbank for earbuds charging,579.0,1907.0,Smart life Accessories,5,mashaaAllah bhtt zbrdst hen.. same as shown.. bs dlvry bht late hui...,Atika A.,2024-06-29,09 Jul 2024,True,3,https://www.daraz.pk/products/31-i435277150.html
Air 31 Earbud dual Earbuds handfree Bluetooth Wireless Earbuds Transparent crystal frame Bluetooth headset Digital Display powerbank for earbuds charging,579.0,1907.0,Smart life Accessories,5,mashaaAllah bhtt zbrdst hen.. itni reasonable price m bht achi chz hai ...,Atika A.,2024-06-23,09 Jul 2024,True,4,https://www.daraz.pk/products/31-i435277150.html
Air 31 Earbud dual Earbuds handfree Bluetooth Wireless Earbuds Transparent crystal frame Bluetooth headset Digital Display powerbank for earbuds charging,579.0,1907.0,Smart life Accessories,5,I been using this for 2 days every thing is quite good for this price range battery timing is good and sound quality is also it is good for calling overall great experience pass delivery and responsive seller,0***5,2024-06-13,17 Jun 2024,True,1,https://www.daraz.pk/products/31-i435277150.html
Air 31 Earbud dual Earbuds handfree Bluetooth Wireless Earbuds Transparent crystal frame Bluetooth headset Digital Display powerbank for earbuds charging,579.0,1907.0,Smart life Accessories,5,chezy sb sth ti sth esk...Battry life km ha .. kch Tim ma eski batry life khtm hoti jb dono earbuds chrgn khtm ho or es ma rkhy ...... Battery Life:10 Sound Quality:20 Comfort:50,Silent attitude,2026-02-17,20 Feb 2026,True,1,https://www.daraz.pk/products/31-i435277150.html
Air 31 Earbud dual Earbuds handfree Bluetooth Wireless Earbuds Transparent crystal frame Bluetooth headset Digital Display powerbank for earbuds charging,579.0,1907.0,Smart life Accessories,4,There are alot of scratches on this and no cover inside. i want replacement as i paid for good thing not a scratch full item,marmaghan0,2024-11-05,08 Nov 2024,True,1,https://www.daraz.pk/products/31-i435277150.html
EARBUDS Air buds Air 31 Wireless Bluetooth-Compatible Headset Wireless Earphone Invisible Sports Fitness Earbuds In-ear Headphone Hot Sale Ear buds,569.0,1232.0,ZUMER,5,Sound Quality:excellent Battery Life:10/10 Comfort:some point very good I recommended it 🙂,Muhammad T.,2025-06-24,28 Jun 2025,True,4,https://www.daraz.pk/products/31-i427914413.html
EARBUDS Air buds Air 31 Wireless Bluetooth-Compatible Headset Wireless Earphone Invisible Sports Fitness Earbuds In-ear Headphone Hot Sale Ear buds,569.0,1232.0,ZUMER,5,Sound Quality:buht hi beykar hay.. chlaty hi nahi Battery Life:n hi nahi hota Comfort:bht hi beykar hay,Asif J.,2024-07-22,09 Aug 2024,True,3,https://www.daraz.pk/products/31-i427914413.html
EARBUDS Air buds Air 31 Wireless Bluetooth-Compatible Headset Wireless Earphone Invisible Sports Fitness Earbuds In-ear Headphone Hot Sale Ear buds,569.0,1232.0,ZUMER,5,پروڈکٹ بہت اچھا ہے کافی استعمال کے بعد رویو اسی لیے دیا کہ اچھے سے ٹیسٹ کرلوں بیٹری ٹائمنگ بھی اچھی ھے اور قل ملا کے پانچ سٹار بس کلر مینے وائیٹ ارڈر کیا تھا لیکن مجھے بلیک کلر بھیجا ھے لیکن اچھا ھے یے کلر بھی,Owais S.,2024-03-28,10 Apr 2024,True,4,https://www.daraz.pk/products/31-i427914413.html
EARBUDS Air buds Air 31 Wireless Bluetooth-Compatible Headset Wireless Earphone Invisible Sports Fitness Earbuds In-ear Headphone Hot Sale Ear buds,569.0,1232.0,ZUMER,5,10/100 😊. Worth buying.same as shown battery life is soooo good i use them straight 3 hr and still charging was 40% as a student i always desire to have such a good battery life so i can take lectures easily and now this product fulfilled my wish I definitely recommend delivery was so fast ..👌💯 thanks seller..😊.,syeda A.,2023-10-24,27 Oct 2023,True,2,https://www.daraz.pk/products/31-i427914413.html
EARBUDS Air buds Air 31 Wireless Bluetooth-Compatible Headset Wireless Earphone Invisible Sports Fitness Earbuds In-ear Headphone Hot Sale Ear buds,569.0,1232.0,ZUMER,5,Aj mila hai oder or 3 din me mil gaya mj or seler ne same or achi chiz di hai Good Ap sab bhi le Achy hain buhat Thank You.. Rizz,Rizwan R.,2023-12-13,15 Dec 2023,True,5,https://www.daraz.pk/products/31-i427914413.html
EARBUDS Air buds Air 31 Wireless Bluetooth-Compatible Headset Wireless Earphone Invisible Sports Fitness Earbuds In-ear Headphone Hot Sale Ear buds,569.0,1232.0,ZUMER,5,"bakwas❌ meine white mein order dia Tha Mila mujhe green, 2nd left side wali airbuds to kaam hi Nahi krrhi connect hokr awaz Nahi arhi, agr Sahi Cheez Nahi Deni Hoti to na becha kre.",Sultan Z.,2025-02-26,27 Feb 2025,True,1,https://www.daraz.pk/products/31-i427914413.html
EARBUDS Air buds Air 31 Wireless Bluetooth-Compatible Headset Wireless Earphone Invisible Sports Fitness Earbuds In-ear Headphone Hot Sale Ear buds,569.0,1232.0,ZUMER,5,بہت ہی زبردست ایئربڈز ہیں۔ ساؤنڈ کوالٹی بہترین ہے، بیس بھی کافی اچھی ہے اور بیٹری بیک اَپ بھی شاندار ہے۔ کالنگ وائس بالکل صاف آتی ہے اور پہننے میں بھی بہت آرام دہ ہیں۔ قیمت کے لحاظ سے بہترین پروڈکٹ ہے۔ سیلر نے بھی اچھی پیکنگ کے ساتھ وقت پر ڈیلیوری کی۔ ضرور خریدیں,Adnan Malik,2026-07-08,12 Jul 2026,True,1,https://www.daraz.pk/products/31-i427914413.html
EARBUDS Air buds Air 31 Wireless Bluetooth-Compatible Headset Wireless Earphone Invisible Sports Fitness Earbuds In-ear Headphone Hot Sale Ear buds,569.0,1232.0,ZUMER,5,both achay hn ma NY use kiay hn in ke timing be both achi ha or battery time be acha ha 3sy 4ghanty aram Sy chal jaty hn,Fajar noor,2026-08-23,2 days ago,True,2,https://www.daraz.pk/products/31-i427914413.html
EARBUDS Air buds Air 31 Wireless Bluetooth-Compatible Headset Wireless Earphone Invisible Sports Fitness Earbuds In-ear Headphone Hot Sale Ear buds,569.0,1232.0,ZUMER,5,a.o.a mojhy mera oder abhe tk received nai howa meny apny jazz cash sy payment advance kr de the 13 October ko mojhy oder recvied hona tha jo k mojhy received nai howa or ab review ka msg aa gya,amirshahza6400,2025-10-10,04 Nov 2025,True,1,https://www.daraz.pk/products/31-i427914413.html
"Air proo & Air 31 TWS Airpoods with Super Sound & High Quality Touch Sensors True Stereo Headphones with Built in Mic 10m Transmission Bluetooth Wireless Earbuds , power Case Sport Headset for all Bluetooth Smart devices.",749.0,18.0,Best Collection Mall,5,Sound Quality:10/10 Battery Life:Good Comfort:too Good mujhy bhttt achi lagi inki packing or earbuds bhi is price m best product h 😍highly recommended thank you seller and Daraz,haaara212,2026-07-19,21 Jul 2026,True,6,https://www.daraz.pk/products/31-10-i1964786166.html
"Air proo & Air 31 TWS Airpoods with Super Sound & High Quality Touch Sensors True Stereo Headphones with Built in Mic 10m Transmission Bluetooth Wireless Earbuds , power Case Sport Headset for all Bluetooth Smart devices.",749.0,18.0,Best Collection Mall,5,ache quality ha Sound Quality:Bhi achi but charging cable nahi di lkn in Piso me acha ha ma dobara order karo ga inshallah umeed ha agli bar bi ache hi aynge thanx seller dilvery Bhi 2 days me hogi thi 🥰🥰,Yousuf Junaid,2026-07-25,01 Aug 2026,True,1,https://www.daraz.pk/products/31-10-i1964786166.html
"Air proo & Air 31 TWS Airpoods with Super Sound & High Quality Touch Sensors True Stereo Headphones with Built in Mic 10m Transmission Bluetooth Wireless Earbuds , power Case Sport Headset for all Bluetooth Smart devices.",749.0,18.0,Best Collection Mall,5,price k elehaz se theek h wire nhi dety sath jis k wja se charging m masla hota baqi sound quality is good,Muhammad Shahzad,2026-08-25,4 days ago,True,1,https://www.daraz.pk/products/31-10-i1964786166.html
"Air proo & Air 31 TWS Airpoods with Super Sound & High Quality Touch Sensors True Stereo Headphones with Built in Mic 10m Transmission Bluetooth Wireless Earbuds , power Case Sport Headset for all Bluetooth Smart devices.",749.0,18.0,Best Collection Mall,5,Sound Quality:Good Battery Life:GOOD Comfort:Good boht achi earbuds hai price bhi normal hai Best Seller,s***4,2026-07-31,4 weeks ago,True,6,https://www.daraz.pk/products/31-10-i1964786166.html
"Air proo & Air 31 TWS Airpoods with Super Sound & High Quality Touch Sensors True Stereo Headphones with Built in Mic 10m Transmission Bluetooth Wireless Earbuds , power Case Sport Headset for all Bluetooth Smart devices.",749.0,18.0,Best Collection Mall,5,"Reviewing it after using it for a week almost on every device Mini at our home. It works perfectly with zero difference on Apple as well as Android devices and also I Love the Quality which I got-in this price is the best🥰🥰🥰 It is my very first experience using this product. As the sound of both the sides are perfect, super loud and equal. I’m happy buying in this price. Very convenient Airpods, works perfectly Also the seller deserves more than 5 🌟🌟🌟🌟🌟 as he/she is very polite and guided the us",zainalipk2025,2026-09-01,1 day ago,True,6,https://www.daraz.pk/products/31-10-i1964786166.html
"Air proo & Air 31 TWS Airpoods with Super Sound & High Quality Touch Sensors True Stereo Headphones with Built in Mic 10m Transmission Bluetooth Wireless Earbuds , power Case Sport Headset for all Bluetooth Smart devices.",749.0,18.0,Best Collection Mall,5,build Quilting is best . sound quality is average conclusion: Best in this range,Muhammad wasif,2026-08-08,3 weeks ago,True,3,https://www.daraz.pk/products/31-10-i1964786166.html
"Air proo & Air 31 TWS Airpoods with Super Sound & High Quality Touch Sensors True Stereo Headphones with Built in Mic 10m Transmission Bluetooth Wireless Earbuds , power Case Sport Headset for all Bluetooth Smart devices.",749.0,18.0,Best Collection Mall,4,Sound Quality:7/10 Battery Life:8/10 Comfort:10/10,asifahadali777,2026-07-26,29 Jul 2026,True,1,https://www.daraz.pk/products/31-10-i1964786166.html
"Air proo & Air 31 TWS Airpoods with Super Sound & High Quality Touch Sensors True Stereo Headphones with Built in Mic 10m Transmission Bluetooth Wireless Earbuds , power Case Sport Headset for all Bluetooth Smart devices.",749.0,18.0,Best Collection Mall,5,Sound Quality:good Battery Life:good Comfort:good,ali03554591304,2026-08-15,2 weeks ago,True,1,https://www.daraz.pk/products/31-10-i1964786166.html
"Air proo & Air 31 TWS Airpoods with Super Sound & High Quality Touch Sensors True Stereo Headphones with Built in Mic 10m Transmission Bluetooth Wireless Earbuds , power Case Sport Headset for all Bluetooth Smart devices.",749.0,18.0,Best Collection Mall,5,charging ni kar rahi,3***7,2026-08-07,4 weeks ago,True,0,https://www.daraz.pk/products/31-10-i1964786166.html
"Air 31 Airpods_ with Super Sound & High Quality Touch Sensors True Stereo Headphones with Built in Mic 10m Transmission Bluetooth Wireless Earbuds , Charging Case Sport Headset for all Bluetooth Smart devices",721.0,459.0,Haram Collection Lahore,5,MashsAlla❤️ bohat pyara hain quality bhi bhat achi ha 🥰🥰,U***.,2024-07-20,30 Jul 2024,True,2,https://www.daraz.pk/products/31-10-i471282354.html
"Air 31 Airpods_ with Super Sound & High Quality Touch Sensors True Stereo Headphones with Built in Mic 10m Transmission Bluetooth Wireless Earbuds , Charging Case Sport Headset for all Bluetooth Smart devices",721.0,459.0,Haram Collection Lahore,5,Finally I received my parcel 📦 it's really good . amazing product .quality and color are same as shown🥰,Romesa,2024-05-29,31 May 2024,True,5,https://www.daraz.pk/products/31-10-i471282354.html
"Air 31 Airpods_ with Super Sound & High Quality Touch Sensors True Stereo Headphones with Built in Mic 10m Transmission Bluetooth Wireless Earbuds , Charging Case Sport Headset for all Bluetooth Smart devices",721.0,459.0,Haram Collection Lahore,5,بہت ہی زبردست قسم کی کوالٹی ہے میری طرف سے سب دوستوں کے لیے ریکمنڈڈ ہے چارج تھوڑا بہت اس طرح کا نہیں ہے مگر پیسوں کے لحاظ سے کافی زبردست ہے,Wakeel K.,2024-04-28,03 May 2024,True,6,https://www.daraz.pk/products/31-10-i471282354.html
"Air 31 Airpods_ with Super Sound & High Quality Touch Sensors True Stereo Headphones with Built in Mic 10m Transmission Bluetooth Wireless Earbuds , Charging Case Sport Headset for all Bluetooth Smart devices",721.0,459.0,Haram Collection Lahore,5,Delivered in almost 4 days..... Great product... value for money 💰... Recommended......,Umar F.,2024-03-29,02 Apr 2024,True,5,https://www.daraz.pk/products/31-10-i471282354.html
"Air 31 Airpods_ with Super Sound & High Quality Touch Sensors True Stereo Headphones with Built in Mic 10m Transmission Bluetooth Wireless Earbuds , Charging Case Sport Headset for all Bluetooth Smart devices",721.0,459.0,Haram Collection Lahore,5,it's so nice thank you draz,Esha E.,2024-06-07,14 Jun 2024,True,2,https://www.daraz.pk/products/31-10-i471282354.html
"Air 31 Airpods_ with Super Sound & High Quality Touch Sensors True Stereo Headphones with Built in Mic 10m Transmission Bluetooth Wireless Earbuds , Charging Case Sport Headset for all Bluetooth Smart devices",721.0,459.0,Haram Collection Lahore,5,same as shown very good quality..sound is also good...thanks seller and daraz🤗🤗🤩,3***7,2024-03-29,08 Apr 2024,True,6,https://www.daraz.pk/products/31-10-i471282354.html
"Air 31 Airpods_ with Super Sound & High Quality Touch Sensors True Stereo Headphones with Built in Mic 10m Transmission Bluetooth Wireless Earbuds , Charging Case Sport Headset for all Bluetooth Smart devices",721.0,459.0,Haram Collection Lahore,5,bahit hi acha product hy quality bhi bahot achi hy our price main bhi bahot low hy,3***0,2024-04-04,09 Apr 2024,True,1,https://www.daraz.pk/products/31-10-i471282354.html
"Air 31 Airpods_ with Super Sound & High Quality Touch Sensors True Stereo Headphones with Built in Mic 10m Transmission Bluetooth Wireless Earbuds , Charging Case Sport Headset for all Bluetooth Smart devices",721.0,459.0,Haram Collection Lahore,5,Bohat aacha product ha. I really like this product.,Shahzaib P.,2024-05-16,20 May 2024,True,1,https://www.daraz.pk/products/31-10-i471282354.html
"Air 31 Airpods_ with Super Sound & High Quality Touch Sensors True Stereo Headphones with Built in Mic 10m Transmission Bluetooth Wireless Earbuds , Charging Case Sport Headset for all Bluetooth Smart devices",721.0,459.0,Haram Collection Lahore,5,good at this price.,A***d,2024-05-30,04 Jun 2024,True,1,https://www.daraz.pk/products/31-10-i471282354.html
"Orignal M19 & M10 & Air31TWS Air pod with Super Sound & High Quality Touch Sensors True Stereo Headphones with Built in Mic 10m Transmission Bluetooth Wireless Earbuds , Charging Case Sport Headset for all Bluetooth Smart devices.",599.0,4.0,KIN,5,Sound Quality:achi hy Battery Life:3/10 Comfort:5/10 third hand han koi bi na ly istamal shuda hy baki apki Marzi aur delivery 10 din bad ai hy seller not recommend,za4345280,2026-08-08,2 weeks ago,True,1,https://www.daraz.pk/products/orignal-m19-m10-air31tws-air-pod-with-super-sound-high-quality-touch-sensors-true-stereo-headphones-with-built-in-mic-10m-transmission-bluetooth-wireless-earbuds-charging-case-sport-headset-for-all-bluetooth-smart-devices-i1963710158.html
"Orignal M19 & M10 & Air31TWS Air pod with Super Sound & High Quality Touch Sensors True Stereo Headphones with Built in Mic 10m Transmission Bluetooth Wireless Earbuds , Charging Case Sport Headset for all Bluetooth Smart devices.",599.0,4.0,KIN,5,"Sound Quality:4 Battery Life:6 Comfort:7 bht halki quality hy, 3/4 month chal jaey to brhi baat hy. . . scrathes bhi lagy huey hen ,packing 2rupy wali theli men. . used product lg rahi hy. . bht kharab experience raha. . afsos!!",f***f,2026-07-26,29 Jul 2026,True,2,https://www.daraz.pk/products/orignal-m19-m10-air31tws-air-pod-with-super-sound-high-quality-touch-sensors-true-stereo-headphones-with-built-in-mic-10m-transmission-bluetooth-wireless-earbuds-charging-case-sport-headset-for-all-bluetooth-smart-devices-i1963710158.html
"Orignal M19 & M10 & Air31TWS Air pod with Super Sound & High Quality Touch Sensors True Stereo Headphones with Built in Mic 10m Transmission Bluetooth Wireless Earbuds , Charging Case Sport Headset for all Bluetooth Smart devices.",599.0,4.0,KIN,5,Battery Life:great Comfort:decent Sound Quality:if u wear these u cant hear anyone else,Nazish Abbas,2026-08-16,6 days ago,True,0,https://www.daraz.pk/products/orignal-m19-m10-air31tws-air-pod-with-super-sound-high-quality-touch-sensors-true-stereo-headphones-with-built-in-mic-10m-transmission-bluetooth-wireless-earbuds-charging-case-sport-headset-for-all-bluetooth-smart-devices-i1963710158.html
Air31 Earbuds Wireless Crystal Transparent Bluetooth 5.3 Air 31 Ear buds Wireless Headset Transparent Charging Case Heavy Bass Stereo Earphones Noise Reduction Sports Headset with Microphone Waterproof Headphone LED Digital Display airpods_ by Sellify 365,748.0,365.0,(BiG MART),5,"very good and nice quality, Amazing condition, sounds quality amazing, colour buhut piyar hai, light blue, good job 👍 Sound Quality:👍 Battery Life:👍 Comfort:👍",k***f,2025-07-11,14 Jul 2025,True,2,https://www.daraz.pk/products/31-53-31-led-365-i331918523.html
Air31 Earbuds Wireless Crystal Transparent Bluetooth 5.3 Air 31 Ear buds Wireless Headset Transparent Charging Case Heavy Bass Stereo Earphones Noise Reduction Sports Headset with Microphone Waterproof Headphone LED Digital Display airpods_ by Sellify 365,748.0,365.0,(BiG MART),5,Sabse acha item abbey tak ka mena dekha hai daraz mai bahoot acha hai yeh,r9tz828kff,2025-05-26,30 May 2025,True,1,https://www.daraz.pk/products/31-53-31-led-365-i331918523.html
Air31 Earbuds Wireless Crystal Transparent Bluetooth 5.3 Air 31 Ear buds Wireless Headset Transparent Charging Case Heavy Bass Stereo Earphones Noise Reduction Sports Headset with Microphone Waterproof Headphone LED Digital Display airpods_ by Sellify 365,748.0,365.0,(BiG MART),5,sound quality is good but battery life is not good.In 10 mins charge is over. Battery Life:not good I am so much disappointed from daraz,KHAN P.,2024-08-07,12 Aug 2024,True,6,https://www.daraz.pk/products/31-53-31-led-365-i331918523.html
Air31 Earbuds Wireless Crystal Transparent Bluetooth 5.3 Air 31 Ear buds Wireless Headset Transparent Charging Case Heavy Bass Stereo Earphones Noise Reduction Sports Headset with Microphone Waterproof Headphone LED Digital Display airpods_ by Sellify 365,748.0,365.0,(BiG MART),5,bhot bhot pasand aya product pr packing quality achi ni thi thanks daraz seller bhot hi fast delivery thi,3***4,2024-07-17,20 Jul 2024,True,1,https://www.daraz.pk/products/31-53-31-led-365-i331918523.html
Air31 Earbuds Wireless Crystal Transparent Bluetooth 5.3 Air 31 Ear buds Wireless Headset Transparent Charging Case Heavy Bass Stereo Earphones Noise Reduction Sports Headset with Microphone Waterproof Headphone LED Digital Display airpods_ by Sellify 365,748.0,365.0,(BiG MART),4,Sound Quality:sound quality to theek hai price ke mutabik Battery Life:battery timing thodi si week hai lekin is price mein zabardast hai,0***7,2024-07-04,10 Jul 2024,True,5,https://www.daraz.pk/products/31-53-31-led-365-i331918523.html
Air31 Earbuds Wireless Crystal Transparent Bluetooth 5.3 Air 31 Ear buds Wireless Headset Transparent Charging Case Heavy Bass Stereo Earphones Noise Reduction Sports Headset with Microphone Waterproof Headphone LED Digital Display airpods_ by Sellify 365,748.0,365.0,(BiG MART),5,sound quality is good . it is recommended .but there is a problem that there is a magnet in the screen which isn't even moving also it took problem to connect to Bluetooth for the first time when I try to connect it,M.Omair,2024-07-08,11 Jul 2024,True,4,https://www.daraz.pk/products/31-53-31-led-365-i331918523.html
Air31 Earbuds Wireless Crystal Transparent Bluetooth 5.3 Air 31 Ear buds Wireless Headset Transparent Charging Case Heavy Bass Stereo Earphones Noise Reduction Sports Headset with Microphone Waterproof Headphone LED Digital Display airpods_ by Sellify 365,748.0,365.0,(BiG MART),5,main ny kul apna order received kiya yeh time pr delivered hogya its amazing kmal ki product hy kul sy use ki hy battery timing bhi achi hy is pr battery percentage bhi show hoti hy aur pods ki chrgng bhi sound quality bhia chi hy jo colour mngwaya tha wohi aya hy easy to use thanks seller thanks daraz,M***.,2024-06-04,09 Jun 2024,True,1,https://www.daraz.pk/products/31-53-31-led-365-i331918523.html
Air31 Earbuds Wireless Crystal Transparent Bluetooth 5.3 Air 31 Ear buds Wireless Headset Transparent Charging Case Heavy Bass Stereo Earphones Noise Reduction Sports Headset with Microphone Waterproof Headphone LED Digital Display airpods_ by Sellify 365,748.0,365.0,(BiG MART),5,• —𝗔𝘀𝘀𝗮𝗹𝗮𝗺𝘂 𝗔𝗹𝗮𝗶𝗸𝘂𝗺🩷🌻:) is jasa main koi b ear phone yuz nh kiya is ki betry life bi bohot ACHi ha Meri Mano tu AP zaror oder kera,Muhammad R.,2024-06-11,19 Jun 2024,True,2,https://www.daraz.pk/products/31-53-31-led-365-i331918523.html
Air31 Earbuds Wireless Crystal Transparent Bluetooth 5.3 Air 31 Ear buds Wireless Headset Transparent Charging Case Heavy Bass Stereo Earphones Noise Reduction Sports Headset with Microphone Waterproof Headphone LED Digital Display airpods_ by Sellify 365,748.0,365.0,(BiG MART),5,Good Quality ❤️,mahaynoor09,2026-08-13,1 week ago,True,1,https://www.daraz.pk/products/31-53-31-led-365-i331918523.html
"Air 31 TWS Transparent Earbuds Bluetooth 5.3V Mic with ANC & ENC Wireless Earbuds, Gaming mode Low Latency TWS Earbud With Upto 50 Hours Playtime, IPX5 Water Proof Wireless Earphones With Voice Assistance Bluetooth Ear buds And Headphones Airpo d",699.0,2.0,Murshad 21,5,Good Quality Airpods 👍👍🔥,Ayesha Khan,2026-08-17,1 week ago,True,0,https://www.daraz.pk/products/31-53-50-5-i1967717288.html
"TWS Airpods_ with Super Sound & High Quality Touch Sensors True Stereo Headphones with Built in Mic 10m Transmission Bluetooth Wireless Earbuds , Chargng Case Sport Headset for all Bluetooth Smart devices",749.0,10.0,D.tech.,5,sir yah charge Nahin ho rahi,aliyan185599,2026-07-13,21 Jul 2026,True,1,https://www.daraz.pk/products/tws-10-i943596805.html
"TWS Airpods_ with Super Sound & High Quality Touch Sensors True Stereo Headphones with Built in Mic 10m Transmission Bluetooth Wireless Earbuds , Chargng Case Sport Headset for all Bluetooth Smart devices",749.0,10.0,D.tech.,5,best very sound high qulaity like him very very coll coin b,arslangujratala055,2026-08-10,3 weeks ago,True,0,https://www.daraz.pk/products/tws-10-i943596805.html
"TWS Airpods_ with Super Sound & High Quality Touch Sensors True Stereo Headphones with Built in Mic 10m Transmission Bluetooth Wireless Earbuds , Chargng Case Sport Headset for all Bluetooth Smart devices",749.0,10.0,D.tech.,5,Comfort: goodbye,gv99tbbwm2,2026-07-12,28 Jul 2026,True,0,https://www.daraz.pk/products/tws-10-i943596805.html
"TWS Airpods_ with Super Sound & High Quality Touch Sensors True Stereo Headphones with Built in Mic 10m Transmission Bluetooth Wireless Earbuds , Chargng Case Sport Headset for all Bluetooth Smart devices",749.0,10.0,D.tech.,5,good,n***m,2026-07-04,13 Jul 2026,True,0,https://www.daraz.pk/products/tws-10-i943596805.html
"TWS Airpods_ with Super Sound & High Quality Touch Sensors True Stereo Headphones with Built in Mic 10m Transmission Bluetooth Wireless Earbuds , Chargng Case Sport Headset for all Bluetooth Smart devices",749.0,10.0,D.tech.,3,Improve sound quality and range and there is also a default in case bcz whenever we take earbuds from the case it's light remain open and decrease the bettery very fast Try to increase the effeciency of battery,0***3,2026-07-31,3 weeks ago,True,0,https://www.daraz.pk/products/tws-10-i943596805.html
M10 TWS Wireless Airpods Earbuds Bluetooth 5.3 TWS 3500mAh Power Bank Charging Box in Ear Earphones True Stereo Gaming Sports HiFi Headphones Headsets Microphone Airdots Premium Deep Bass Sound Clear Cal,729.0,27.0,AS SHOP 1581614841,5,quality achi hy but volume kafi Halka hy awaz full karny se bhi saaf nh sunai de rahi baki battery time bhi acha hy,tahir,2026-05-09,14 May 2026,True,3,https://www.daraz.pk/products/tws-m10-53-tws-hifi-i761408443.html
M10 TWS Wireless Airpods Earbuds Bluetooth 5.3 TWS 3500mAh Power Bank Charging Box in Ear Earphones True Stereo Gaming Sports HiFi Headphones Headsets Microphone Airdots Premium Deep Bass Sound Clear Cal,729.0,27.0,AS SHOP 1581614841,5,Assalamualaikum! MashaAllah se Jo order kiya wohi receive hua or achy chl rhy hain.delivery b boht fast hui..Great experience ❤️ baqi 1 week use krne k bd zyda achy se pta chly ga 😊 ☺️🤩❤️ VERY NICE BUHUT AMAZING QUALITY HAI OR CASE BHI BUHUT ACHI QUALITY KA HAI I LOVE IT THANK YOU DARAZ MAI RECOMMEND KARTHA HO ISKO LENA CHAHIYE 🤩🥰💯 incredible 😊😊 Earphones very nice voice and battery trimming is perfect I recommend you guys to buy this item 10/10 💙🖤🖤❤️‍🔥❤️‍🔥❤️‍🔥❤️‍🔥🖤,s***s,2025-04-15,21 Apr 2025,True,5,https://www.daraz.pk/products/tws-m10-53-tws-hifi-i761408443.html
M10 TWS Wireless Airpods Earbuds Bluetooth 5.3 TWS 3500mAh Power Bank Charging Box in Ear Earphones True Stereo Gaming Sports HiFi Headphones Headsets Microphone Airdots Premium Deep Bass Sound Clear Cal,729.0,27.0,AS SHOP 1581614841,5,this is too good in this price range highly recommend saller bhoot acha h or delivery bi time pr hui NYC Comfort:100 % Sound Quality:is good battery timings bi thek h Noise Isolation:all good,s***w,2025-05-15,21 May 2025,True,6,https://www.daraz.pk/products/tws-m10-53-tws-hifi-i761408443.html
M10 TWS Wireless Airpods Earbuds Bluetooth 5.3 TWS 3500mAh Power Bank Charging Box in Ear Earphones True Stereo Gaming Sports HiFi Headphones Headsets Microphone Airdots Premium Deep Bass Sound Clear Cal,729.0,27.0,AS SHOP 1581614841,5,Assalamualaikum! MashaAllah se Jo order kiya wohi receive hua or achy chl rhy hain.delivery b boht fast hui..Great experience ❤️ baqi 1 week use krne k bd zyda achy se pta chly ga 😊 Assalamualaikum! MashaAllah se Jo order kiya wohi receive hua or achy chl rhy hain.delivery b boht fast hui..Great experience ❤️ baqi 1 week use krne k bd zyda achy se pta chly ga 😊,sdferesdffeqqs,2025-04-15,21 Apr 2025,True,6,https://www.daraz.pk/products/tws-m10-53-tws-hifi-i761408443.html
M10 TWS Wireless Airpods Earbuds Bluetooth 5.3 TWS 3500mAh Power Bank Charging Box in Ear Earphones True Stereo Gaming Sports HiFi Headphones Headsets Microphone Airdots Premium Deep Bass Sound Clear Cal,729.0,27.0,AS SHOP 1581614841,5,Sound Quality:بہت زبردست Battery Life:100 فیصد Comfort:بہترین بہت اچہا بڑی اچہی کوالٹی ہے ڈلیوری سروس بہی بہت اچہی ہے,s***w,2025-05-15,21 May 2025,True,6,https://www.daraz.pk/products/tws-m10-53-tws-hifi-i761408443.html
M10 TWS Wireless Airpods Earbuds Bluetooth 5.3 TWS 3500mAh Power Bank Charging Box in Ear Earphones True Stereo Gaming Sports HiFi Headphones Headsets Microphone Airdots Premium Deep Bass Sound Clear Cal,729.0,27.0,AS SHOP 1581614841,5,Bilkul perfect product hai sound quality battery life sb se achi bat call pe bat bht saf hoti hai such main mjhy ye product bht acha laga is price range main ye acha product hai thanks DARAZ thanks product owner Sound Quality:BEST Battery Life:BEST Comfort:BEST,umairalizaman1917,2026-05-10,13 May 2026,True,2,https://www.daraz.pk/products/tws-m10-53-tws-hifi-i761408443.html
M10 TWS Wireless Airpods Earbuds Bluetooth 5.3 TWS 3500mAh Power Bank Charging Box in Ear Earphones True Stereo Gaming Sports HiFi Headphones Headsets Microphone Airdots Premium Deep Bass Sound Clear Cal,729.0,27.0,AS SHOP 1581614841,5,"I Love M10 airpods the Quality which I got-in this price is the best😍🥰🥰🥰 It is my very first experience using this product. As the sound of both the sides are perfect, super loud and equal.If we talk about usage so it takes almost a max of an hour to fully charge and after that I could use it for 4-5 hrs non stop I’m Completely satisfied with everything thanks daraz and seller highly recommend.........",s***w,2025-05-15,21 May 2025,True,6,https://www.daraz.pk/products/tws-m10-53-tws-hifi-i761408443.html
M10 TWS Wireless Airpods Earbuds Bluetooth 5.3 TWS 3500mAh Power Bank Charging Box in Ear Earphones True Stereo Gaming Sports HiFi Headphones Headsets Microphone Airdots Premium Deep Bass Sound Clear Cal,729.0,27.0,AS SHOP 1581614841,5,Sound Quality:good Battery Life:good Comfort:good sound quality is best and battery timing is also superb such a good product in such reasonable and affordable price and seller was so cooperative with all queries regarding this headphone and I've ordered again another headphone from him in black color after receiving black one will update this review too ❤️❤️☺️,s***a,2025-04-16,19 Apr 2025,True,5,https://www.daraz.pk/products/tws-m10-53-tws-hifi-i761408443.html
M10 TWS Wireless Airpods Earbuds Bluetooth 5.3 TWS 3500mAh Power Bank Charging Box in Ear Earphones True Stereo Gaming Sports HiFi Headphones Headsets Microphone Airdots Premium Deep Bass Sound Clear Cal,729.0,27.0,AS SHOP 1581614841,5,Sound Quality:good Battery Life:good Comfort:best Good quality in good price. I dropped one and now the sound is clear.. Good seller thanks daraz everyone bay this product the product is soo good for this price. The seller is educated and very nice man. They show a orduct to deliver the same as it customer. the customer is very happy to see this thing.,s***a,2025-04-16,19 Apr 2025,True,6,https://www.daraz.pk/products/tws-m10-53-tws-hifi-i761408443.html
Wireless Earbuds Headphones Bluetooth Earpods Sports Stereo Airbuds Noise Canceling Headphone Microphone Speaker with LED light headphones,326.0,8.0,Hania Collection (Lahore),5,superb quality really enjoyed listen music while taking a walk . But touch sensor needs to improve.,3***8,2026-08-07,3 weeks ago,True,2,https://www.daraz.pk/products/-i1964595818.html
Wireless Earbuds Headphones Bluetooth Earpods Sports Stereo Airbuds Noise Canceling Headphone Microphone Speaker with LED light headphones,326.0,8.0,Hania Collection (Lahore),5,Sound Quality:Best h Comfort:Best Battery Life:Best good quality. sound quality good. battery good 👍 nice,draz,2026-08-06,4 weeks ago,True,2,https://www.daraz.pk/products/-i1964595818.html
Wireless Earbuds Headphones Bluetooth Earpods Sports Stereo Airbuds Noise Canceling Headphone Microphone Speaker with LED light headphones,326.0,8.0,Hania Collection (Lahore),5,Good quality 👍 Sound and Battery timing is also good 👍 Recommend,d***z,2026-08-06,4 weeks ago,True,1,https://www.daraz.pk/products/-i1964595818.html
Air 31 - Air31 Earbuds Wireless Earbuds - Air 31 Earbuds - Transparent Air 31 - Transparent Earbuds Air 31 TWS Earbuds - Airbuds - Earpods - Ear Buds Wireless - Bluetooth Earphones - Air buds,599.0,5.0,KIN,5,"Sound Quality:light noise cancellation 80% Good condition and is price me best hen ,❤️ me hamesha daraz sa hi buy krti hu reasonable price me bhhhht ache mil jate hen is sa phele wale bh 2 sal tk chale hen ❤️ Comfort:100% 1 hour me charge hogya tha or battery life abhi 25min use Kiya ha srif 5% use hui he",Syed,2026-07-27,31 Jul 2026,True,6,https://www.daraz.pk/products/31-31-31-31-31-i1965236562.html
Air 31 - Air31 Earbuds Wireless Earbuds - Air 31 Earbuds - Transparent Air 31 - Transparent Earbuds Air 31 TWS Earbuds - Airbuds - Earpods - Ear Buds Wireless - Bluetooth Earphones - Air buds,599.0,5.0,KIN,5,Sound Quality:10/10 achy ha zayada hi aunchi ha kanu me derd kr dety ha . Battery Life:ghnta TU fit chlty hain ause zayada lamba time use ni kiye . Comfort:10/10. ic price me ye bht achy option haa.. even call pr bhi achy se baat ho jaty ha 💟.,S***n,2026-07-27,28 Jul 2026,True,3,https://www.daraz.pk/products/31-31-31-31-31-i1965236562.html
Air 31 - Air31 Earbuds Wireless Earbuds - Air 31 Earbuds - Transparent Air 31 - Transparent Earbuds Air 31 TWS Earbuds - Airbuds - Earpods - Ear Buds Wireless - Bluetooth Earphones - Air buds,599.0,5.0,KIN,5,Sound Quality:is good for both while talking on phone call and even when only listening to audio. Battery Life:not too good. cannot use it for more than an hour. Comfort:easy to carry and plugin the earbuds. over all rating 4 out 5. 1 point less due to battery timings nice packaging and came with the charger.,Syed,2026-07-27,31 Jul 2026,True,5,https://www.daraz.pk/products/31-31-31-31-31-i1965236562.html
Air 31 - Air31 Earbuds Wireless Earbuds - Air 31 Earbuds - Transparent Air 31 - Transparent Earbuds Air 31 TWS Earbuds - Airbuds - Earpods - Ear Buds Wireless - Bluetooth Earphones - Air buds,599.0,5.0,KIN,5,wow very good but not that Sound Quality:10/10 Battery Life:0 Comfort:0,Shayan Ali hashmi,2026-08-27,1 day ago,True,1,https://www.daraz.pk/products/31-31-31-31-31-i1965236562.html
Original Pro Air pod TWS Double Wireless tws Bluetooth Hand Free with Power Bank Stereo Earphones White bluetooth ear phone for all cell phones use-Color Headphones & Headsets Wireless Earbuds Family: Black,701.0,298.0,as online mart,5,Thank u so much Daraz 🧡 main ne 2 din use kia ache tareqe se phir Review dia Sound is good battery 🔋 timing bi bilkul tkh hai am so happy 😊 again thank you so much Daraz 🥰🥰🥰,kashfsheikh,2024-12-12,16 Dec 2024,True,5,https://www.daraz.pk/products/-i478489771.html
Original Pro Air pod TWS Double Wireless tws Bluetooth Hand Free with Power Bank Stereo Earphones White bluetooth ear phone for all cell phones use-Color Headphones & Headsets Wireless Earbuds Family: Black,701.0,298.0,as online mart,5,Original M10 earbuds hai...💗 Sound Quality:Amazing base 💗🫶mzaa agya ksm Sy Battery Life:Boht saii ha battery iski Comfort:comfortable 💗hai quality b bhttt zydaaa mean expectations se b zyda achi ha Highly recommended delivery b time pr hui,d***z,2026-08-06,2 weeks ago,True,3,https://www.daraz.pk/products/-i478489771.html
Original Pro Air pod TWS Double Wireless tws Bluetooth Hand Free with Power Bank Stereo Earphones White bluetooth ear phone for all cell phones use-Color Headphones & Headsets Wireless Earbuds Family: Black,701.0,298.0,as online mart,5,یہ بلو ٹاس ڈیوائس بالکل بیکار ہے اس سے کوئی بھائی نہ لے اس کی نہ تو بیٹری ٹائمنگ ہے نہ ہی اواز کا مزہ ہے,Khizar H.,2024-12-06,11 Dec 2024,True,1,https://www.daraz.pk/products/-i478489771.html
Original Pro Air pod TWS Double Wireless tws Bluetooth Hand Free with Power Bank Stereo Earphones White bluetooth ear phone for all cell phones use-Color Headphones & Headsets Wireless Earbuds Family: Black,701.0,298.0,as online mart,5,Airpods are awesome. Sound is good. Battery timing is also good. Would recommend to anybody thinking about such airpods. Thanks daraz and seller. 💯 Recommended.,meeryaseen657,2026-06-04,10 Jun 2026,True,0,https://www.daraz.pk/products/-i478489771.html
Original Pro Air pod TWS Double Wireless tws Bluetooth Hand Free with Power Bank Stereo Earphones White bluetooth ear phone for all cell phones use-Color Headphones & Headsets Wireless Earbuds Family: Black,701.0,298.0,as online mart,5,MashAllah Beautiful items 2 dafa order Kiya good experience good sounds Long Betry time .... and thanks 👍 salar and delivery rider.....,w***e,2025-07-01,17 Jul 2025,True,3,https://www.daraz.pk/products/-i478489771.html
Original Pro Air pod TWS Double Wireless tws Bluetooth Hand Free with Power Bank Stereo Earphones White bluetooth ear phone for all cell phones use-Color Headphones & Headsets Wireless Earbuds Family: Black,701.0,298.0,as online mart,5,Bhai bhot he acha Bluetooth ha or jo picture mn dikhaya ha vhi aya ha or delivery time bhi shi ha Sound Quality:bhot achi or design bhi bhot acha Battery Life:battery life bhi bhot achi Comfort:or bhot zyada comfortable ha,wetruytdsfwere,2025-07-01,18 Jul 2025,True,3,https://www.daraz.pk/products/-i478489771.html
Original Pro Air pod TWS Double Wireless tws Bluetooth Hand Free with Power Bank Stereo Earphones White bluetooth ear phone for all cell phones use-Color Headphones & Headsets Wireless Earbuds Family: Black,701.0,298.0,as online mart,5,Good seller i order the air 31 withe the seller send me a good product i will again thanks full to you for this Good product. I advice to everyone to buy this airpods Battery timing: 2 to 3 hours h deliver time : 2 to 3 working days Sound Qualit is Good and best for calling Thanks daraz thanks daraz good seller,d***r,2025-05-26,04 Jun 2025,True,6,https://www.daraz.pk/products/-i478489771.html
Original Pro Air pod TWS Double Wireless tws Bluetooth Hand Free with Power Bank Stereo Earphones White bluetooth ear phone for all cell phones use-Color Headphones & Headsets Wireless Earbuds Family: Black,701.0,298.0,as online mart,5,reviewing it after 2 months very good quality and good product Sirf 1 issue hy ky left wala right ki sound data or right wala left ki game main thora sa delay ata sound ka but manage ho jata settings sy overall recommend☺,d***w,2025-05-14,17 May 2025,True,6,https://www.daraz.pk/products/-i478489771.html
Original Pro Air pod TWS Double Wireless tws Bluetooth Hand Free with Power Bank Stereo Earphones White bluetooth ear phone for all cell phones use-Color Headphones & Headsets Wireless Earbuds Family: Black,701.0,298.0,as online mart,1,product Achcha hai lekin iski Ek air peace kam hi nahin kar rahi on hoti hai but sound Nahin Aata ismein Baki overall quality acchi hai battery life bhi acchi hai comfortable bhi hai but salary ko chahie tha ki vah check karke de I M very disappointed,Azhar B.,2024-09-11,18 Sep 2024,True,1,https://www.daraz.pk/products/-i478489771.html
EARBUDS AIR 31 AIRPODS WIRELESS EARBUDS WITH CRYSTAL TRANSPARENT CASE WITH TYPE C CHARGING|EARBUDS BLUETOOTH 5.3 | NEW MODEL AIR 31,660.0,31.0,Myclubcart,5,same to same bheji hai value for money bhi hai black color chahiye tha Wohi Mila Thank you so much 😊,Haqnawaz,2025-06-23,07 Jul 2025,True,2,https://www.daraz.pk/products/31-c-53-31-i451052408.html
EARBUDS AIR 31 AIRPODS WIRELESS EARBUDS WITH CRYSTAL TRANSPARENT CASE WITH TYPE C CHARGING|EARBUDS BLUETOOTH 5.3 | NEW MODEL AIR 31,660.0,31.0,Myclubcart,5,Bht achi hai bs color black order kiya tha white aya hai color problem 2 3 br huwi hai daraz products me mujhe baki sahi hai sound etc behtreen hai thanks Daraz,aneelasp,2026-06-19,20 Jun 2026,True,3,https://www.daraz.pk/products/31-c-53-31-i451052408.html
EARBUDS AIR 31 AIRPODS WIRELESS EARBUDS WITH CRYSTAL TRANSPARENT CASE WITH TYPE C CHARGING|EARBUDS BLUETOOTH 5.3 | NEW MODEL AIR 31,660.0,31.0,Myclubcart,5,Sound Quality:good Battery Life:nice Comfort:excellent gsjejcykesiis he kdijejryrkdjfj TV kek dy fjkeirk,faiza imtiaz,2026-07-03,08 Jul 2026,True,1,https://www.daraz.pk/products/31-c-53-31-i451052408.html
EARBUDS AIR 31 AIRPODS WIRELESS EARBUDS WITH CRYSTAL TRANSPARENT CASE WITH TYPE C CHARGING|EARBUDS BLUETOOTH 5.3 | NEW MODEL AIR 31,660.0,31.0,Myclubcart,5,"These airbuds are awesome, the style is very cute and unique. Moreover, the battery life is awesome. Really love these airbuds. Will definitely order again",Saeed A.,2025-06-23,07 Jul 2025,True,1,https://www.daraz.pk/products/31-c-53-31-i451052408.html
EARBUDS AIR 31 AIRPODS WIRELESS EARBUDS WITH CRYSTAL TRANSPARENT CASE WITH TYPE C CHARGING|EARBUDS BLUETOOTH 5.3 | NEW MODEL AIR 31,660.0,31.0,Myclubcart,5,"Sound Quality:Achi hy Battery Life: good hy Comfort: Like the adjust and size bunt achi And the seller way to deal b Achaa buht, I recommend this 💯",Noman,2025-06-23,07 Jul 2025,True,2,https://www.daraz.pk/products/31-c-53-31-i451052408.html
EARBUDS AIR 31 AIRPODS WIRELESS EARBUDS WITH CRYSTAL TRANSPARENT CASE WITH TYPE C CHARGING|EARBUDS BLUETOOTH 5.3 | NEW MODEL AIR 31,660.0,31.0,Myclubcart,5,Sound Quality:very bad Battery Life:good Comfort:easy to use Ak Airport ke away hi nahi ha,Abdul W.,2025-06-27,01 Jul 2025,True,2,https://www.daraz.pk/products/31-c-53-31-i451052408.html
EARBUDS AIR 31 AIRPODS WIRELESS EARBUDS WITH CRYSTAL TRANSPARENT CASE WITH TYPE C CHARGING|EARBUDS BLUETOOTH 5.3 | NEW MODEL AIR 31,660.0,31.0,Myclubcart,5,Sound Quality:10/10 Battery Life:10/7 Comfort:10/10 excellent quality and delivery service 👌,musakhan5544121,2026-07-07,13 Jul 2026,True,1,https://www.daraz.pk/products/31-c-53-31-i451052408.html
EARBUDS AIR 31 AIRPODS WIRELESS EARBUDS WITH CRYSTAL TRANSPARENT CASE WITH TYPE C CHARGING|EARBUDS BLUETOOTH 5.3 | NEW MODEL AIR 31,660.0,31.0,Myclubcart,5,Sound Quality:Sounds Quality Good Battery Life:Battery Third Class Waste Material,Moeen H.,2025-05-30,06 Jun 2025,True,2,https://www.daraz.pk/products/31-c-53-31-i451052408.html
EARBUDS AIR 31 AIRPODS WIRELESS EARBUDS WITH CRYSTAL TRANSPARENT CASE WITH TYPE C CHARGING|EARBUDS BLUETOOTH 5.3 | NEW MODEL AIR 31,660.0,31.0,Myclubcart,5,Sound Quality:is so good high bass Comfort:very happy 😊 kasam sy dil khush ho gya,Shayan,2025-06-23,07 Jul 2025,True,6,https://www.daraz.pk/products/31-c-53-31-i451052408.html
Air31 TWS Wireless Earbuds Bluetooth 5.3 | HD Stereo Sound & Deep Bass | Touch Control | Noise Cancelling Mic | Charging Case | Long Battery Life | Android & iOS Compatible,650.0,39.0,FOUR DEE STORE,5,Sound Quality:is price ma iski sound or quality both hi achi ha Battery Life:is good Comfort:high level highly recommend but jaisa colormangaya wesa Nahi aya,rizwanaejaz701,2026-06-16,21 Jun 2026,True,1,https://www.daraz.pk/products/31-tws-1-hd-ios-i1954006166.html
Air31 TWS Wireless Earbuds Bluetooth 5.3 | HD Stereo Sound & Deep Bass | Touch Control | Noise Cancelling Mic | Charging Case | Long Battery Life | Android & iOS Compatible,650.0,39.0,FOUR DEE STORE,5,"it's quality is good,and charging is good but in appearance it's display is not clear delivery time was late because of eid",saimayahya7100,2026-05-24,05 Jun 2026,True,1,https://www.daraz.pk/products/31-tws-1-hd-ios-i1954006166.html
Air31 TWS Wireless Earbuds Bluetooth 5.3 | HD Stereo Sound & Deep Bass | Touch Control | Noise Cancelling Mic | Charging Case | Long Battery Life | Android & iOS Compatible,650.0,39.0,FOUR DEE STORE,5,Aslam O alikum pink colour mngvay tha laqin sky blue aya ha or order time say agay ha or awaz bi achi ha,maryamfatima34568,2026-06-14,19 Jun 2026,True,1,https://www.daraz.pk/products/31-tws-1-hd-ios-i1954006166.html
Air31 TWS Wireless Earbuds Bluetooth 5.3 | HD Stereo Sound & Deep Bass | Touch Control | Noise Cancelling Mic | Charging Case | Long Battery Life | Android & iOS Compatible,650.0,39.0,FOUR DEE STORE,5,Aslam O alikum buhat achi ha ya may nay 3 orders Kya thya or 3 hi buaht achi ha awaz bi buhat achi ha,maryamfatima34568,2026-06-14,19 Jun 2026,True,1,https://www.daraz.pk/products/31-tws-1-hd-ios-i1954006166.html
Air31 TWS Wireless Earbuds Bluetooth 5.3 | HD Stereo Sound & Deep Bass | Touch Control | Noise Cancelling Mic | Charging Case | Long Battery Life | Android & iOS Compatible,650.0,39.0,FOUR DEE STORE,5,Sound Quality:just ok Battery Life:not good Comfort:fine totally change product received Jo order Kiya tha wo nhi Mila use product h both kharab halat mai received hoi h na packing achi thi or nahi product display ka touch bhi nhi chal raha h box par mention h k touch screen h but inside product is change,hafsa akhtar,2026-07-11,14 Jul 2026,True,1,https://www.daraz.pk/products/31-tws-1-hd-ios-i1954006166.html
Air31 TWS Wireless Earbuds Bluetooth 5.3 | HD Stereo Sound & Deep Bass | Touch Control | Noise Cancelling Mic | Charging Case | Long Battery Life | Android & iOS Compatible,650.0,39.0,FOUR DEE STORE,5,bahut acche budget friend hai aur aur aap jo bhi channel School jo bhi isko kharidna rahata hai to khareed lo bahut acchi hai,Siyal khan,2026-06-08,30 Jul 2026,True,1,https://www.daraz.pk/products/31-tws-1-hd-ios-i1954006166.html
Air31 TWS Wireless Earbuds Bluetooth 5.3 | HD Stereo Sound & Deep Bass | Touch Control | Noise Cancelling Mic | Charging Case | Long Battery Life | Android & iOS Compatible,650.0,39.0,FOUR DEE STORE,5,I ordered it in pink color and it's not working and it gets stuck in the middle it's voice is not good 0/10.,f***r,2026-06-05,10 Jun 2026,True,1,https://www.daraz.pk/products/31-tws-1-hd-ios-i1954006166.html
Air31 TWS Wireless Earbuds Bluetooth 5.3 | HD Stereo Sound & Deep Bass | Touch Control | Noise Cancelling Mic | Charging Case | Long Battery Life | Android & iOS Compatible,650.0,39.0,FOUR DEE STORE,5,Aslam O alikum is Ki awaz but achi ha or order bi time say agay tha,maryamfatima34568,2026-06-14,19 Jun 2026,True,1,https://www.daraz.pk/products/31-tws-1-hd-ios-i1954006166.html
Air31 TWS Wireless Earbuds Bluetooth 5.3 | HD Stereo Sound & Deep Bass | Touch Control | Noise Cancelling Mic | Charging Case | Long Battery Life | Android & iOS Compatible,650.0,39.0,FOUR DEE STORE,5,Sound Quality:100/1000 Battery Life:wow Comfort:normal,A***i,2026-06-02,18 Jun 2026,True,6,https://www.daraz.pk/products/31-tws-1-hd-ios-i1954006166.html
Air 31 Airpods - Air31 Earbuds Wireless Earbuds - Air 31 Earbuds - Transparent Airpods Air 31 - Transparent Earbuds Air 31 TWS Earbuds - Airbuds - Earpods - Ear Buds Wireless - Bluetooth Earphones - Air buds,749.0,117.0,DigiNex,5,parcel receive ho gaya hai sound quality aur battery bohut achi hai thanks daraz,*******096,2026-02-27,03 Mar 2026,True,1,https://www.daraz.pk/products/31-31-31-31-31-i917806762.html
Air 31 Airpods - Air31 Earbuds Wireless Earbuds - Air 31 Earbuds - Transparent Airpods Air 31 - Transparent Earbuds Air 31 TWS Earbuds - Airbuds - Earpods - Ear Buds Wireless - Bluetooth Earphones - Air buds,749.0,117.0,DigiNex,5,"this Airbud is so good , battery life and sound quality is good very reasonable I'm going to buy it again 😁",tehreemirfan1698,2026-06-06,12 Jul 2026,True,1,https://www.daraz.pk/products/31-31-31-31-31-i917806762.html
Air 31 Airpods - Air31 Earbuds Wireless Earbuds - Air 31 Earbuds - Transparent Airpods Air 31 - Transparent Earbuds Air 31 TWS Earbuds - Airbuds - Earpods - Ear Buds Wireless - Bluetooth Earphones - Air buds,749.0,117.0,DigiNex,5,Sound Quality:good 👍 Battery Life:thek hai With cover order kiyea thy but without cover aaen Hain dono mjy,Hamna Butt,2026-04-27,13 May 2026,True,1,https://www.daraz.pk/products/31-31-31-31-31-i917806762.html
Air 31 Airpods - Air31 Earbuds Wireless Earbuds - Air 31 Earbuds - Transparent Airpods Air 31 - Transparent Earbuds Air 31 TWS Earbuds - Airbuds - Earpods - Ear Buds Wireless - Bluetooth Earphones - Air buds,749.0,117.0,DigiNex,5,"both quality and appearance 😊 are osam ☺️ delivery b on time h , buhta achi product h 😊 I'm happy to receive it 😁",Saman Aslam,2025-10-13,17 Oct 2025,True,1,https://www.daraz.pk/products/31-31-31-31-31-i917806762.html
Air 31 Airpods - Air31 Earbuds Wireless Earbuds - Air 31 Earbuds - Transparent Airpods Air 31 - Transparent Earbuds Air 31 TWS Earbuds - Airbuds - Earpods - Ear Buds Wireless - Bluetooth Earphones - Air buds,749.0,117.0,DigiNex,5,insan pta ni kesy paisa jama kar k chez mangwata ha ap log khrab chez bejh dyty ho green mangie white bejhi wo b khrab na charge ho rhe ha na on Allah puchy ap jesy logo ko sahram ani chaye,Muskan Doll,2026-06-13,19 Jun 2026,True,1,https://www.daraz.pk/products/31-31-31-31-31-i917806762.html
Air 31 Airpods - Air31 Earbuds Wireless Earbuds - Air 31 Earbuds - Transparent Airpods Air 31 - Transparent Earbuds Air 31 TWS Earbuds - Airbuds - Earpods - Ear Buds Wireless - Bluetooth Earphones - Air buds,749.0,117.0,DigiNex,5,"aik earpod khrab hy aik thl hy.awaz kch khas nahi hy, charging cable bhi nahi bheji domo earbuds bht dheeli hy.",mahamakram921,2026-06-05,11 Jun 2026,True,1,https://www.daraz.pk/products/31-31-31-31-31-i917806762.html
Air 31 Airpods - Air31 Earbuds Wireless Earbuds - Air 31 Earbuds - Transparent Airpods Air 31 - Transparent Earbuds Air 31 TWS Earbuds - Airbuds - Earpods - Ear Buds Wireless - Bluetooth Earphones - Air buds,749.0,117.0,DigiNex,5,"it was great, they delivered it before the given date. The sound, quality-both are really good, they just didn't give any manual or something to charge but I had it already so no issue Great product- highly recommended Battery Life:It charges early and battery doesnt drain so fast either",kazmanadir,2026-05-29,06 Jun 2026,True,1,https://www.daraz.pk/products/31-31-31-31-31-i917806762.html
Air 31 Airpods - Air31 Earbuds Wireless Earbuds - Air 31 Earbuds - Transparent Airpods Air 31 - Transparent Earbuds Air 31 TWS Earbuds - Airbuds - Earpods - Ear Buds Wireless - Bluetooth Earphones - Air buds,749.0,117.0,DigiNex,5,Sound Quality:1000 Battery Life:1000 Comfort:1000 bohut hi Acha laga thank you selar thank you daraz,T***r,2025-10-17,12 Nov 2025,True,1,https://www.daraz.pk/products/31-31-31-31-31-i917806762.html
Air 31 Airpods - Air31 Earbuds Wireless Earbuds - Air 31 Earbuds - Transparent Airpods Air 31 - Transparent Earbuds Air 31 TWS Earbuds - Airbuds - Earpods - Ear Buds Wireless - Bluetooth Earphones - Air buds,749.0,117.0,DigiNex,5,leopard courier service Waly esy he delivery karty hain kisi k paise ki koi qadar NAHI inhy Baki pec damage NAHI how but quality bohot low hai battery timing bhi achi NAHI hai pair hone k bad bhi connect hone Mai bohot time lagata look wise acha hai connect hone k working bhi sahi se karta hai but battery time bs normal hai koi khas long lasting NAHI hai,Ali Jafri,2026-05-07,14 May 2026,True,0,https://www.daraz.pk/products/31-31-31-31-31-i917806762.html
Air 31 Pods Wireless Bluetooth Earbuds Headset pods handfree earbuds airdots Hanging Ear Color Family Headphones & Headsets Wireless Earbuds,714.0,359.0,Zimal Collection (Lahore),5,sir and ear nhi chal raha he wese bilkul ok he but aik kahrab he or aik sahi to mujhe change krwana he dosra leke ao mere liye q k me hamesha apke daraz per bahrosa krta hu,Ahtesham A.,2024-12-04,08 Dec 2024,True,1,https://www.daraz.pk/products/31-i561932911.html
Air 31 Pods Wireless Bluetooth Earbuds Headset pods handfree earbuds airdots Hanging Ear Color Family Headphones & Headsets Wireless Earbuds,714.0,359.0,Zimal Collection (Lahore),5,assalam-o-alaikum everyone 🤗 Mashallah bht hi achi product hai 🥰ye mny 5 dfa otder kia hai battery life b ok sound quality b ok thanks daraz & thanks Saller 😊,m S.,2024-12-05,11 Dec 2024,True,1,https://www.daraz.pk/products/31-i561932911.html
Air 31 Pods Wireless Bluetooth Earbuds Headset pods handfree earbuds airdots Hanging Ear Color Family Headphones & Headsets Wireless Earbuds,714.0,359.0,Zimal Collection (Lahore),5,Mera experience hamesha daraz k Sath acha nahi Raha ... but is dafa i am really happy..... it's was excellent thanks daraz ... sound quality bhi bht achi he ...,3***3,2024-11-13,18 Nov 2024,True,1,https://www.daraz.pk/products/31-i561932911.html
Air 31 Pods Wireless Bluetooth Earbuds Headset pods handfree earbuds airdots Hanging Ear Color Family Headphones & Headsets Wireless Earbuds,714.0,359.0,Zimal Collection (Lahore),5,"Sound Quality:best hai Battery Life:3,2hours aram se guzarti hai Comfort:ok hai Shuru me one work NAHI kar Raha tha chargiyke bad ok hogaya (highly recommend)",sulemanontop263,2025-03-31,07 Apr 2025,True,1,https://www.daraz.pk/products/31-i561932911.html
Air 31 Pods Wireless Bluetooth Earbuds Headset pods handfree earbuds airdots Hanging Ear Color Family Headphones & Headsets Wireless Earbuds,714.0,359.0,Zimal Collection (Lahore),5,Jeb main ney ye receive kiye to iss ki battery bilkul low honey ki waja sey ye kaam nhi ker rahey they main confuse ho gya uss k Baad main ney charge ker k daikha to ye sahi kaam kerney lagey price k lehaaz sey ye AK achi product hei Sound Quality:good Battery Life:good Comfort:good,s***l,2026-08-13,2 weeks ago,True,5,https://www.daraz.pk/products/31-i561932911.html
Air 31 Pods Wireless Bluetooth Earbuds Headset pods handfree earbuds airdots Hanging Ear Color Family Headphones & Headsets Wireless Earbuds,714.0,359.0,Zimal Collection (Lahore),5,Good quality airbuds sound quality is good battery timing is 3 hours in continue use i demand full white with no logo seller send as it is what i demand so I am satisfied seller is responsive deliverd on time trusted seller Recommended.,Z***n,2026-07-30,4 weeks ago,True,4,https://www.daraz.pk/products/31-i561932911.html
Air 31 Pods Wireless Bluetooth Earbuds Headset pods handfree earbuds airdots Hanging Ear Color Family Headphones & Headsets Wireless Earbuds,714.0,359.0,Zimal Collection (Lahore),5,Alhamdullilah I found same thing I order its battery timing so good and sound quality is great I love this product,Alicia A.,2025-05-27,30 May 2025,True,1,https://www.daraz.pk/products/31-i561932911.html
Air 31 Pods Wireless Bluetooth Earbuds Headset pods handfree earbuds airdots Hanging Ear Color Family Headphones & Headsets Wireless Earbuds,714.0,359.0,Zimal Collection (Lahore),5,hello its amazing i suggest you to buy this product this is so cool product this is so useful for that you used for gaming or you use for call and everything this is the amazing product I want to suggest you please buy this product by this product without any tension I suggest you,A***h,2026-08-01,03 Aug 2026,True,4,https://www.daraz.pk/products/31-i561932911.html
Air 31 Pods Wireless Bluetooth Earbuds Headset pods handfree earbuds airdots Hanging Ear Color Family Headphones & Headsets Wireless Earbuds,714.0,359.0,Zimal Collection (Lahore),1,koe BHI na mngwaye both ghatia diye Hain full charge Karne pr BHI aik chl raha Hai aik khrab Hai or Jo aik chl yaha Hai uska BHI sound nhi bht slow or bkwas h👎 Very Bad Mera Daraz ka experience bht acha rehta Hai mgr inho nay cheat kara,3***5,2024-11-30,07 Dec 2024,True,2,https://www.daraz.pk/products/31-i561932911.html
Original M10 TWS Wireless bluetooth Pods airdots Earphones Touch Control 5.3 with power bank charger Headset Waterproof Hifi Quality Earbuds 3500mAh Stereo Sports Headphones With Microphone,799.0,126.0,Zimal Collection (Lahore),5,Amazing product. sound quality best. battery timing 3 hrs. call quality is good and power bank battery timing also good. touch sensor working good too. i am happy from this. i recommend to others to buy this product. Thank you HANIA COLLECTION for this beautiful product,haseeb,2023-12-11,14 Dec 2023,True,6,https://www.daraz.pk/products/m10-tws-53-hifi-3500mah-i434625318.html
Original M10 TWS Wireless bluetooth Pods airdots Earphones Touch Control 5.3 with power bank charger Headset Waterproof Hifi Quality Earbuds 3500mAh Stereo Sports Headphones With Microphone,799.0,126.0,Zimal Collection (Lahore),5,i have just receive my parcel today .. the quality and base is too good i love this ❤️ I'll joining u again when i neend something else ♥️ thnkxx for the trusted review 😍 giving you all 5 star I'll he rated 100/100 after using these airpods thnkss for the same thing and excellent quality ♥️ delivery is also good and packing was very good,Nisha Z.,2023-11-14,13 Dec 2023,True,6,https://www.daraz.pk/products/m10-tws-53-hifi-3500mah-i434625318.html
Original M10 TWS Wireless bluetooth Pods airdots Earphones Touch Control 5.3 with power bank charger Headset Waterproof Hifi Quality Earbuds 3500mAh Stereo Sports Headphones With Microphone,799.0,126.0,Zimal Collection (Lahore),5,"Reviewing it after using it for a week almost on every device M10 at our home. It works perfectly with zero difference on Apple as well as Android devices and also I Love the Quality which I got-in this price is the best😍🥰🥰🥰 It is my very first experience using this product. As the sound of both the sides are perfect, super loud and equal. I’m happy buying in this price. Very convenient Airpods, works perfectly Also the seller deserves more than 5 🌟🌟🌟🌟🌟 as he/she is very polite and guided the us",waseem R.,2023-11-14,11 Dec 2023,True,6,https://www.daraz.pk/products/m10-tws-53-hifi-3500mah-i434625318.html
Original M10 TWS Wireless bluetooth Pods airdots Earphones Touch Control 5.3 with power bank charger Headset Waterproof Hifi Quality Earbuds 3500mAh Stereo Sports Headphones With Microphone,799.0,126.0,Zimal Collection (Lahore),5,Sound Quality:10/10 Battery Life:don't know Comfort:too Good mujhy bhttt achi lagi inki packing or earbuds bhi is price m best product h 😍highly recommended thank you seller and Daraz,e***a,2026-07-30,4 weeks ago,True,2,https://www.daraz.pk/products/m10-tws-53-hifi-3500mah-i434625318.html
Original M10 TWS Wireless bluetooth Pods airdots Earphones Touch Control 5.3 with power bank charger Headset Waterproof Hifi Quality Earbuds 3500mAh Stereo Sports Headphones With Microphone,799.0,126.0,Zimal Collection (Lahore),5,"Absolutely loving these M10 earbuds so far! Sound quality is surprisingly amazing, bass is good, and the touch controls work perfectly. The digital battery display looks super cool and the earbuds are very comfortable to wear. Battery timing is also impressive for daily use. Overall, totally worth the price and looks premium too. Highly recommended!❤️",Rabiya Tariq.,2026-05-19,21 May 2026,True,6,https://www.daraz.pk/products/m10-tws-53-hifi-3500mah-i434625318.html
Original M10 TWS Wireless bluetooth Pods airdots Earphones Touch Control 5.3 with power bank charger Headset Waterproof Hifi Quality Earbuds 3500mAh Stereo Sports Headphones With Microphone,799.0,126.0,Zimal Collection (Lahore),5,right side s awaz arhe aur left side sy awaz nhe arhe ek karb h boht disappoint Hoye paise zaya hogye,tamseelaansari733,2025-08-05,27 Aug 2025,True,1,https://www.daraz.pk/products/m10-tws-53-hifi-3500mah-i434625318.html
Original M10 TWS Wireless bluetooth Pods airdots Earphones Touch Control 5.3 with power bank charger Headset Waterproof Hifi Quality Earbuds 3500mAh Stereo Sports Headphones With Microphone,799.0,126.0,Zimal Collection (Lahore),5,"first time online item was ordered fully satisfied it was good and recommended, battery, sound everything works perfectly.",aurangzaibb200,2024-11-19,05 Dec 2024,True,2,https://www.daraz.pk/products/m10-tws-53-hifi-3500mah-i434625318.html
Original M10 TWS Wireless bluetooth Pods airdots Earphones Touch Control 5.3 with power bank charger Headset Waterproof Hifi Quality Earbuds 3500mAh Stereo Sports Headphones With Microphone,799.0,126.0,Zimal Collection (Lahore),5,"I have checked the sound, and it's perfectly fine right sound in the right ear and left sound in the left ear.It was delivered very quickly, which is the first time this has happened, and I am satisfied. However one thing that slightly disappointed me is that the quality feels a bit lite meaning it will need to be used carefully. I have another one from a different company which is heavier in weight compared to this. Basically this one is of local quality in terms of plastic but still I am satisfied. It's a good product overall.",M.HANZALA S.,2024-11-12,15 Nov 2024,True,2,https://www.daraz.pk/products/m10-tws-53-hifi-3500mah-i434625318.html
Original M10 TWS Wireless bluetooth Pods airdots Earphones Touch Control 5.3 with power bank charger Headset Waterproof Hifi Quality Earbuds 3500mAh Stereo Sports Headphones With Microphone,799.0,126.0,Zimal Collection (Lahore),5,Sound Quality:9/10 bas right waly me voice thodi zada ha Battery Life:7/10 Comfort:6/10 agar light hi use krna ha to lelo wrna rehny do Kuch khaas acha experience ni ha,ragexrisky,2026-06-21,23 Jun 2026,True,1,https://www.daraz.pk/products/m10-tws-53-hifi-3500mah-i434625318.html
Air 31 Airpods - Air31 Earbuds Wireless Earbuds - Air 31 Earbuds - Transparent Airpods Air 31 - Transparent Earbuds Air 31 TWS Earbuds - Airbuds - Earpods - Ear Buds Wireless - Air Buds - Bluetooth Earphones,849.0,247.0,SBT Trader,5,Sound Quality: wooowww the sound quality is amazing Battery Life: battery life okay okay Comfort: excellent,3***5,2025-07-08,10 Jul 2025,True,2,https://www.daraz.pk/products/31-31-31-31-31-i730410986.html
Air 31 Airpods - Air31 Earbuds Wireless Earbuds - Air 31 Earbuds - Transparent Airpods Air 31 - Transparent Earbuds Air 31 TWS Earbuds - Airbuds - Earpods - Ear Buds Wireless - Air Buds - Bluetooth Earphones,849.0,247.0,SBT Trader,5,آواز کا معیار بہت اعلیٰ ہے دکھنے میں بھی اچھا ہے۔اسکی ایک اچھی یہ بھی ہے کہ type C چارجنگ جیک ہے۔قیمت ک لہٰذا سے بہت زبردست ہے۔,Muhammad Z.,2025-07-16,20 Jul 2025,True,1,https://www.daraz.pk/products/31-31-31-31-31-i730410986.html
Air 31 Airpods - Air31 Earbuds Wireless Earbuds - Air 31 Earbuds - Transparent Airpods Air 31 - Transparent Earbuds Air 31 TWS Earbuds - Airbuds - Earpods - Ear Buds Wireless - Air Buds - Bluetooth Earphones,849.0,247.0,SBT Trader,5,nice h Achi quantity time bhi Sahi chal jata hai but iske charging case ki battery timing thodi kam hai but nice product recommended hai picture nahi hai Varna main dalta airport bhi Ghar Nahin hai but nice product sath case bhi milta hai,حارث س.,2025-07-10,19 Aug 2025,True,1,https://www.daraz.pk/products/31-31-31-31-31-i730410986.html
Air 31 Airpods - Air31 Earbuds Wireless Earbuds - Air 31 Earbuds - Transparent Airpods Air 31 - Transparent Earbuds Air 31 TWS Earbuds - Airbuds - Earpods - Ear Buds Wireless - Air Buds - Bluetooth Earphones,849.0,247.0,SBT Trader,5,Sound Quality:very good 💯 boht achi hai Battery Life:exclant 😊 👍🏻 Comfort:very comfortable,uswahasif46,2025-06-27,06 Jul 2025,True,4,https://www.daraz.pk/products/31-31-31-31-31-i730410986.html
Air 31 Airpods - Air31 Earbuds Wireless Earbuds - Air 31 Earbuds - Transparent Airpods Air 31 - Transparent Earbuds Air 31 TWS Earbuds - Airbuds - Earpods - Ear Buds Wireless - Air Buds - Bluetooth Earphones,849.0,247.0,SBT Trader,5,Sound Quality:100 Battery Life:100 Comfort:100 MASH ALLAH products inkeh bohut zada acha hai Lekin black mangvaya tha white agaye Lekin bat bohut acha 😍 thank you seller,wali A.,2025-07-30,02 Aug 2025,True,1,https://www.daraz.pk/products/31-31-31-31-31-i730410986.html
Air 31 Airpods - Air31 Earbuds Wireless Earbuds - Air 31 Earbuds - Transparent Airpods Air 31 - Transparent Earbuds Air 31 TWS Earbuds - Airbuds - Earpods - Ear Buds Wireless - Air Buds - Bluetooth Earphones,849.0,247.0,SBT Trader,5,Sound Quality:best Battery Life:very good Comfort:comfortable recommended same as shown in the picture,M I.,2025-06-24,27 Jun 2025,True,1,https://www.daraz.pk/products/31-31-31-31-31-i730410986.html
Air 31 Airpods - Air31 Earbuds Wireless Earbuds - Air 31 Earbuds - Transparent Airpods Air 31 - Transparent Earbuds Air 31 TWS Earbuds - Airbuds - Earpods - Ear Buds Wireless - Air Buds - Bluetooth Earphones,849.0,247.0,SBT Trader,5,jesy pic ma thy same wesy he mily ha awaz b ache ha cover b sath soft sa acha ha clr b bhhtt pyara ha,Durdana U.,2025-07-09,16 Jul 2025,True,2,https://www.daraz.pk/products/31-31-31-31-31-i730410986.html
Air 31 Airpods - Air31 Earbuds Wireless Earbuds - Air 31 Earbuds - Transparent Airpods Air 31 - Transparent Earbuds Air 31 TWS Earbuds - Airbuds - Earpods - Ear Buds Wireless - Air Buds - Bluetooth Earphones,849.0,247.0,SBT Trader,5,"it's sound quality us good and it's lighting feature help me find these air pods when I forget where did I place them. over all it worth the money you spend and its cover is also cute , I will recommend to buy this",A***z,2026-06-17,19 Jun 2026,True,2,https://www.daraz.pk/products/31-31-31-31-31-i730410986.html
Air 31 Airpods - Air31 Earbuds Wireless Earbuds - Air 31 Earbuds - Transparent Airpods Air 31 - Transparent Earbuds Air 31 TWS Earbuds - Airbuds - Earpods - Ear Buds Wireless - Air Buds - Bluetooth Earphones,849.0,247.0,SBT Trader,5,Sound Quality:No base but happy with the sound Battery Life:discharge fast but you can use them 2-3 hours easily. Comfort:easy to wear. I suggest you to buy them,Aiman N.,2025-07-09,15 Jul 2025,True,1,https://www.daraz.pk/products/31-31-31-31-31-i730410986.html
Airbuds Air 31 Wireless Bluetooth Earpods / Crystal Transparent Case Headset With Mic For All Models / Stereo Sound Earbuds For Music & Gaming,649.0,244.0,HR ASSOCIATION,5,ye Maine 2sri br mgwai phli k pasy wapis nae bhjy return krwai Maine again order kia uski to charging hi 0 sy upr nae ja rae hy,Musa U.,2024-11-11,14 Nov 2024,True,1,https://www.daraz.pk/products/31-i513009541.html
Airbuds Air 31 Wireless Bluetooth Earpods / Crystal Transparent Case Headset With Mic For All Models / Stereo Sound Earbuds For Music & Gaming,649.0,244.0,HR ASSOCIATION,5,Achy hain quality achi h but inki awaz wesi nai Jesi honi chahiye thi ...itna acha response nahi Mila 😏 50 50 hain bas .... Sound Quality:sound quality was Soo dumb 😭😞,Umaima S.,2024-08-16,21 Aug 2024,True,3,https://www.daraz.pk/products/31-i513009541.html
Airbuds Air 31 Wireless Bluetooth Earpods / Crystal Transparent Case Headset With Mic For All Models / Stereo Sound Earbuds For Music & Gaming,649.0,244.0,HR ASSOCIATION,5,Bohot Achi quality Hai Under 1000 range me Isse behtar Earbuds ni Hai look size sound sab kaafi behtar Hai Is seller ke sth experience kaafi acha rha ap sbko bh recommend krti hu Shukria daraz 🤍,P***r,2024-08-01,03 Aug 2024,True,6,https://www.daraz.pk/products/31-i513009541.html
Airbuds Air 31 Wireless Bluetooth Earpods / Crystal Transparent Case Headset With Mic For All Models / Stereo Sound Earbuds For Music & Gaming,649.0,244.0,HR ASSOCIATION,5,one side not working very bad experince,AZAAN S.,2024-08-04,11 Aug 2024,True,1,https://www.daraz.pk/products/31-i513009541.html
Airbuds Air 31 Wireless Bluetooth Earpods / Crystal Transparent Case Headset With Mic For All Models / Stereo Sound Earbuds For Music & Gaming,649.0,244.0,HR ASSOCIATION,5,it's been best product ❤️ battery timing is very unbelievable 🔋 very nice packaging 💸 eco friendly price,atta91427,2025-04-11,14 Apr 2025,True,3,https://www.daraz.pk/products/31-i513009541.html
Airbuds Air 31 Wireless Bluetooth Earpods / Crystal Transparent Case Headset With Mic For All Models / Stereo Sound Earbuds For Music & Gaming,649.0,244.0,HR ASSOCIATION,4,Sound Quality:average sound quality but clear sound. Battery Life:Battery life is normal. not too high or not too low. Comfort:easy to use small and slim size with good look.,Muhammad B.,2025-03-07,10 Mar 2025,True,3,https://www.daraz.pk/products/31-i513009541.html
Airbuds Air 31 Wireless Bluetooth Earpods / Crystal Transparent Case Headset With Mic For All Models / Stereo Sound Earbuds For Music & Gaming,649.0,244.0,HR ASSOCIATION,5,"Sound Quality:Good Battery Life:Good Comfort:💯 Product is really good and same as description. Seller is also honest, shipping is fast 👍 In this price you can't get much better than this. Will buy more soon. 💯 Recommend",Rukhsar B.,2025-02-25,09 Mar 2025,True,4,https://www.daraz.pk/products/31-i513009541.html
Airbuds Air 31 Wireless Bluetooth Earpods / Crystal Transparent Case Headset With Mic For All Models / Stereo Sound Earbuds For Music & Gaming,649.0,244.0,HR ASSOCIATION,5,the product was really good it's working fine and they also send me a cover and keychain of the airports,bisma,2024-11-12,18 Nov 2024,True,1,https://www.daraz.pk/products/31-i513009541.html
Airbuds Air 31 Wireless Bluetooth Earpods / Crystal Transparent Case Headset With Mic For All Models / Stereo Sound Earbuds For Music & Gaming,649.0,244.0,HR ASSOCIATION,5,Battery Life:excellent Comfort:great Sound Quality:very nice the packing was nice i would recommend to buy this but the sound is a little delay,jaweriya naveed,2026-07-17,20 Jul 2026,True,1,https://www.daraz.pk/products/31-i513009541.html
"M10 Air Buds - Premium Wireless Earbuds, Air Pro, Air Buds, Earpods with Stereo Sound, IPX5 Waterproof, and Ergonomic Design",719.0,19.0,Zimal Collection (Lahore),5,Jeb main ney ye receive kiye to iss ki battery bilkul low honey ki waja sey ye kaam nhi ker rahey they main confuse ho gya uss k Baad main ney charge ker k daikha to ye sahi kaam kerney lagey price k lehaaz sey ye AK achi product hei Sound Quality:good Battery Life:good Comfort:good,A***h,2026-08-01,03 Aug 2026,True,4,https://www.daraz.pk/products/m10-ipx5-i1950447661.html
"M10 Air Buds - Premium Wireless Earbuds, Air Pro, Air Buds, Earpods with Stereo Sound, IPX5 Waterproof, and Ergonomic Design",719.0,19.0,Zimal Collection (Lahore),5,Sound quality: good Battery life :Good Comfort :10/10 Very fast delivery and nice product Mashallah ❤️ VIP product hai jo chij maine mangvaee hai vahi hai aur acchi quality hai ❤️ thanks 😊 ek baat aur ISI Tarah Apne acchi chij di to hamara etbar ap per bahut jyada ho jaega pir hum daraz sy hi shopping Kiya karenge okay,Ali Shah,2026-08-01,03 Aug 2026,True,4,https://www.daraz.pk/products/m10-ipx5-i1950447661.html
"M10 Air Buds - Premium Wireless Earbuds, Air Pro, Air Buds, Earpods with Stereo Sound, IPX5 Waterproof, and Ergonomic Design",719.0,19.0,Zimal Collection (Lahore),5,Jeb main ney ye receive kiye to iss ki battery bilkul low honey ki waja sey ye kaam nhi ker rahey they main confuse ho gya uss k Baad main ney charge ker k daikha to ye sahi kaam kerney lagey price k lehaaz sey ye AK achi product hei Sound Quality:good Battery Life:good Comfort:good,s***l,2026-08-13,2 weeks ago,True,5,https://www.daraz.pk/products/m10-ipx5-i1950447661.html
"M10 Air Buds - Premium Wireless Earbuds, Air Pro, Air Buds, Earpods with Stereo Sound, IPX5 Waterproof, and Ergonomic Design",719.0,19.0,Zimal Collection (Lahore),5,"their quality is amazing. at first I was slightly worried because the airpods led are not showing, so I could charge it and enjoy the music. their sound quality and battery life are amazing.",Z***n,2026-07-30,4 weeks ago,True,4,https://www.daraz.pk/products/m10-ipx5-i1950447661.html
"M10 Air Buds - Premium Wireless Earbuds, Air Pro, Air Buds, Earpods with Stereo Sound, IPX5 Waterproof, and Ergonomic Design",719.0,19.0,Zimal Collection (Lahore),5,"good looking and so beautifu,l same as picture good quality, best sound and it's my honest review.",A***h,2026-08-01,03 Aug 2026,True,4,https://www.daraz.pk/products/m10-ipx5-i1950447661.html
"M10 Air Buds - Premium Wireless Earbuds, Air Pro, Air Buds, Earpods with Stereo Sound, IPX5 Waterproof, and Ergonomic Design",719.0,19.0,Zimal Collection (Lahore),5,"Original product received! Yeh bluetooth earphones use karne me boht comfortable hain, kaan me dard nahi hota. Sound quality boht loud aur clear hai. Daraz par yeh mere ab tak ke best airpods hain. Fast shipping aur safe delivery ke liye 5 stars!😍😍👌👌✔",s***l,2026-08-13,2 weeks ago,True,5,https://www.daraz.pk/products/m10-ipx5-i1950447661.html
"M10 Air Buds - Premium Wireless Earbuds, Air Pro, Air Buds, Earpods with Stereo Sound, IPX5 Waterproof, and Ergonomic Design",719.0,19.0,Zimal Collection (Lahore),5,Sound Quality:excellent Battery Life:10/10 Comfort:some point very good I recommended it 🙂,s***l,2026-08-13,2 weeks ago,True,1,https://www.daraz.pk/products/m10-ipx5-i1950447661.html
"M10 Air Buds - Premium Wireless Earbuds, Air Pro, Air Buds, Earpods with Stereo Sound, IPX5 Waterproof, and Ergonomic Design",719.0,19.0,Zimal Collection (Lahore),5,V Well Quality & Battery life ✅,Mian Jiger,2026-08-06,1 week ago,True,1,https://www.daraz.pk/products/m10-ipx5-i1950447661.html
"M10 Air Buds - Premium Wireless Earbuds, Air Pro, Air Buds, Earpods with Stereo Sound, IPX5 Waterproof, and Ergonomic Design",719.0,19.0,Zimal Collection (Lahore),5,Sound Quality:Perfect Battery Life:Amazing Comfort:Comfortable Bhai sa ma kha tha k mujy chz 1 number bhjna aur bhai na kha tha k hum chz 1 number bhjty check kr k aur waqy bht amazing airbuds mily hain mujy Thanks you brother literally dill sa thank you 💞,e***a,2026-07-30,4 weeks ago,True,0,https://www.daraz.pk/products/m10-ipx5-i1950447661.html
Air buds Transparent Air39 Bluetooth Round Drawer TWS Fully WATER prof Earphones Wireless Earbuds ENC Noise Reduction Headsets LED Display Sport Headphones Round Drawer Type Charging Case Best Wireless Airbuds Environmental Touch Control Earbu,849.0,36.0,Own Mall,4,Sound Quality:best I ordered in pink color but I received it in white color what is this behaviour pujja?? bahee baqii saab acha hai battery life is didn't check yet,mehmoodujan,2026-05-11,17 May 2026,True,2,https://www.daraz.pk/products/39-i948098412.html
Air buds Transparent Air39 Bluetooth Round Drawer TWS Fully WATER prof Earphones Wireless Earbuds ENC Noise Reduction Headsets LED Display Sport Headphones Round Drawer Type Charging Case Best Wireless Airbuds Environmental Touch Control Earbu,849.0,36.0,Own Mall,5,"Yawr this is soo soo good,I love it,I 'm sorry seller manaye apko bot tang kiya ,bcz I can't w8 for my parcel,BTW seller is so cooperative ,100 % recommended, ty seller ty daraz",A***n,2026-07-26,29 Jul 2026,True,6,https://www.daraz.pk/products/39-i948098412.html
Air buds Transparent Air39 Bluetooth Round Drawer TWS Fully WATER prof Earphones Wireless Earbuds ENC Noise Reduction Headsets LED Display Sport Headphones Round Drawer Type Charging Case Best Wireless Airbuds Environmental Touch Control Earbu,849.0,36.0,Own Mall,5,Sound Quality:10/100 Comfort:best I order pink color but I receive blue but it's okay because sound was too good,asgharmaham18,2026-08-10,3 weeks ago,True,1,https://www.daraz.pk/products/39-i948098412.html
Air buds Transparent Air39 Bluetooth Round Drawer TWS Fully WATER prof Earphones Wireless Earbuds ENC Noise Reduction Headsets LED Display Sport Headphones Round Drawer Type Charging Case Best Wireless Airbuds Environmental Touch Control Earbu,849.0,36.0,Own Mall,5,"Sound Quality:Good Battrey Life,and good sound,Thanks saller & Daraz. Battery Life:10/10 Comfort:10/10",A***i,2026-06-07,14 Jun 2026,True,4,https://www.daraz.pk/products/39-i948098412.html
Air buds Transparent Air39 Bluetooth Round Drawer TWS Fully WATER prof Earphones Wireless Earbuds ENC Noise Reduction Headsets LED Display Sport Headphones Round Drawer Type Charging Case Best Wireless Airbuds Environmental Touch Control Earbu,849.0,36.0,Own Mall,5,"aaj hi parcel mila delivery time bohat acha tha, product same hai jesay show ki gai ha.sound quality best hai.lakin parcel main pouch nahi tha jo k dikhaya gia tha.",Farhan Pasha,2026-08-17,2 weeks ago,True,4,https://www.daraz.pk/products/39-i948098412.html
Air buds Transparent Air39 Bluetooth Round Drawer TWS Fully WATER prof Earphones Wireless Earbuds ENC Noise Reduction Headsets LED Display Sport Headphones Round Drawer Type Charging Case Best Wireless Airbuds Environmental Touch Control Earbu,849.0,36.0,Own Mall,5,"⭐⭐⭐⭐⭐ These earbuds are amazing! The sound quality is crystal clear with great bass and balanced audio. I would rate the sound quality 10/10. The battery life is very good and easily lasts throughout the day. They are also extremely comfortable to wear for long periods without any discomfort. The design looks premium, and the connection is smooth and reliable. Overall, I am very happy with this purchase and would highly recommend these earbuds to anyone looking for quality and comfort. Rating: 5/5 ⭐⭐⭐⭐⭐",Masooma Zahra,2026-06-13,16 Jun 2026,True,2,https://www.daraz.pk/products/39-i948098412.html
Air buds Transparent Air39 Bluetooth Round Drawer TWS Fully WATER prof Earphones Wireless Earbuds ENC Noise Reduction Headsets LED Display Sport Headphones Round Drawer Type Charging Case Best Wireless Airbuds Environmental Touch Control Earbu,849.0,36.0,Own Mall,5,very very beast quality and best Airbrod and fast delivery 🚚🚚 Thenks bhi jan 🥰😍🥰,Third-Party-User,2026-07-06,07 Jul 2026,True,2,https://www.daraz.pk/products/39-i948098412.html
Air buds Transparent Air39 Bluetooth Round Drawer TWS Fully WATER prof Earphones Wireless Earbuds ENC Noise Reduction Headsets LED Display Sport Headphones Round Drawer Type Charging Case Best Wireless Airbuds Environmental Touch Control Earbu,849.0,36.0,Own Mall,5,"bohat acha product hai sound, battery,packagıng sb kuch perfect tha! I Love it! 🩵",RAce Down,2026-07-03,09 Jul 2026,True,2,https://www.daraz.pk/products/39-i948098412.html
Air buds Transparent Air39 Bluetooth Round Drawer TWS Fully WATER prof Earphones Wireless Earbuds ENC Noise Reduction Headsets LED Display Sport Headphones Round Drawer Type Charging Case Best Wireless Airbuds Environmental Touch Control Earbu,849.0,36.0,Own Mall,5,nice 🙂🙂🙂 boht zyada Battery Life:good Comfort:good Sound Quality:good,gujjargujja0987,2026-05-22,13 Jul 2026,True,1,https://www.daraz.pk/products/39-i948098412.html
"""N35 TWS Gaming Earbuds – 9D Stereo Bass Bluetooth 5.2 Wireless Earphones with Mic airpods Style Handsfree Headset for PUBG, Mobile Gaming & All Smartphones"" ""N35 Gaming Earbuds – Wireless TWS Bluetooth 5.2 Earphones with Mic, 9D Stereo Bass, Low Latency",1669.0,36.0,MobilMart,5,Bhut hei acha quality ha or mujhe itna passed aye ha ka Mana bhn ka liye bhi order kra dya ha but thanks darza ❤️,a***a,2025-05-01,10 May 2025,True,2,https://www.daraz.pk/products/tws-n35-9d-52-pubg-n35-tws-5-9d-i776180267.html
"""N35 TWS Gaming Earbuds – 9D Stereo Bass Bluetooth 5.2 Wireless Earphones with Mic airpods Style Handsfree Headset for PUBG, Mobile Gaming & All Smartphones"" ""N35 Gaming Earbuds – Wireless TWS Bluetooth 5.2 Earphones with Mic, 9D Stereo Bass, Low Latency",1669.0,36.0,MobilMart,5,Mashallah Bahot Hee zabardust product baija hai seller nai. jaisa pic mai daika ta waisa he baija hai seller nai. quality be bahot achi hai. thanks Daraz Thanks Daraz Seller 🥰,e***a,2025-05-01,10 May 2025,True,2,https://www.daraz.pk/products/tws-n35-9d-52-pubg-n35-tws-5-9d-i776180267.html
"""N35 TWS Gaming Earbuds – 9D Stereo Bass Bluetooth 5.2 Wireless Earphones with Mic airpods Style Handsfree Headset for PUBG, Mobile Gaming & All Smartphones"" ""N35 Gaming Earbuds – Wireless TWS Bluetooth 5.2 Earphones with Mic, 9D Stereo Bass, Low Latency",1669.0,36.0,MobilMart,5,such a nice product. same as it is in the pic....this product has really nice sound and efficient for gaming....,A***.,2025-08-15,18 Aug 2025,True,1,https://www.daraz.pk/products/tws-n35-9d-52-pubg-n35-tws-5-9d-i776180267.html
"""N35 TWS Gaming Earbuds – 9D Stereo Bass Bluetooth 5.2 Wireless Earphones with Mic airpods Style Handsfree Headset for PUBG, Mobile Gaming & All Smartphones"" ""N35 Gaming Earbuds – Wireless TWS Bluetooth 5.2 Earphones with Mic, 9D Stereo Bass, Low Latency",1669.0,36.0,MobilMart,5,same as it shown in picture i like it very much thnku seller and daraz for this kind of products. 🤩😍,z***b,2025-05-03,12 May 2025,True,1,https://www.daraz.pk/products/tws-n35-9d-52-pubg-n35-tws-5-9d-i776180267.html
"""N35 TWS Gaming Earbuds – 9D Stereo Bass Bluetooth 5.2 Wireless Earphones with Mic airpods Style Handsfree Headset for PUBG, Mobile Gaming & All Smartphones"" ""N35 Gaming Earbuds – Wireless TWS Bluetooth 5.2 Earphones with Mic, 9D Stereo Bass, Low Latency",1669.0,36.0,MobilMart,5,Bahut arsay baad koi cheez ne itna satisfy kiya 😍 har angle se perfect hai 📏 packaging bhi neat thi 📦 thanks seller 🙏,e***a,2025-05-01,12 May 2025,True,1,https://www.daraz.pk/products/tws-n35-9d-52-pubg-n35-tws-5-9d-i776180267.html
"""N35 TWS Gaming Earbuds – 9D Stereo Bass Bluetooth 5.2 Wireless Earphones with Mic airpods Style Handsfree Headset for PUBG, Mobile Gaming & All Smartphones"" ""N35 Gaming Earbuds – Wireless TWS Bluetooth 5.2 Earphones with Mic, 9D Stereo Bass, Low Latency",1669.0,36.0,MobilMart,4,"Sound Quality: perfect quality The earbuds perform well overall with good sound quality and no noticeable delay in Gaming Mode, making them suitable for everyday use and casual gaming. However, the horizontally shaped ear tips can feel slightly uncomfortable at times, and the charging case battery capacity is relatively small. Aside from these minor issues, the overall performance is satisfactory.",Ahmar Jabbar,2026-01-30,14 Feb 2026,True,6,https://www.daraz.pk/products/tws-n35-9d-52-pubg-n35-tws-5-9d-i776180267.html
"""N35 TWS Gaming Earbuds – 9D Stereo Bass Bluetooth 5.2 Wireless Earphones with Mic airpods Style Handsfree Headset for PUBG, Mobile Gaming & All Smartphones"" ""N35 Gaming Earbuds – Wireless TWS Bluetooth 5.2 Earphones with Mic, 9D Stereo Bass, Low Latency",1669.0,36.0,MobilMart,5,Mashallah Bahot Hee zabardust product baija hai seller nai. jaisa pic mai daika ta waisa he baija hai seller nai. quality be bahot achi hai. thanks Daraz Thanks Daraz Seller 🥰,f***n,2025-05-01,12 May 2025,True,1,https://www.daraz.pk/products/tws-n35-9d-52-pubg-n35-tws-5-9d-i776180267.html
"""N35 TWS Gaming Earbuds – 9D Stereo Bass Bluetooth 5.2 Wireless Earphones with Mic airpods Style Handsfree Headset for PUBG, Mobile Gaming & All Smartphones"" ""N35 Gaming Earbuds – Wireless TWS Bluetooth 5.2 Earphones with Mic, 9D Stereo Bass, Low Latency",1669.0,36.0,MobilMart,5,The Product Is Excellent and Best. Good & Fast Service My Experience Is well Love You Daraz,f***a,2025-05-03,10 May 2025,True,2,https://www.daraz.pk/products/tws-n35-9d-52-pubg-n35-tws-5-9d-i776180267.html
"""N35 TWS Gaming Earbuds – 9D Stereo Bass Bluetooth 5.2 Wireless Earphones with Mic airpods Style Handsfree Headset for PUBG, Mobile Gaming & All Smartphones"" ""N35 Gaming Earbuds – Wireless TWS Bluetooth 5.2 Earphones with Mic, 9D Stereo Bass, Low Latency",1669.0,36.0,MobilMart,5,Bohaat hi achi cheez hai sab log kihty thy ky cheez theek nhi ati likin yaah sab jhoot hai,f***a,2025-05-03,15 May 2025,True,1,https://www.daraz.pk/products/tws-n35-9d-52-pubg-n35-tws-5-9d-i776180267.html
EARBUDS AIR 31 Wireless Earbuds with Crystal Transparent Case & Type C Charging Bluetooth 5.3 New Model,927.0,25.0,Nova Tech House,5,box open does not connected no hanging color change no charging cables,bismarafique81,2026-05-31,02 Jun 2026,True,3,https://www.daraz.pk/products/31-53-i1951482256.html
EARBUDS AIR 31 Wireless Earbuds with Crystal Transparent Case & Type C Charging Bluetooth 5.3 New Model,927.0,25.0,Nova Tech House,5,good sound quality excellent battery life comfortable 👍,noorulmateen1587,2026-06-18,21 Jun 2026,True,1,https://www.daraz.pk/products/31-53-i1951482256.html
